ID,Time_ID,Location_ID,Source,Description,Distance(mi)
A-1,1,1,Source2,Right lane blocked due to accident on I-70 Eastbound at Exit 41 OH-235 State Route 4.,0.01
A-2,2,2,Source2,Accident on Brice Rd at Tussing Rd. Expect delays.,0.01
A-3,3,3,Source2,Accident on OH-32 State Route 32 Westbound at Dela Palma Rd. Expect delays.,0.01
A-4,4,4,Source2,Accident on I-75 Southbound at Exits 52 52B US-35. Expect delays.,0.01
A-5,5,5,Source2,Accident on McEwen Rd at OH-725 Miamisburg Centerville Rd. Expect delays.,0.01
A-6,6,6,Source2,Accident on I-270 Outerbelt Northbound near Exit 29 OH-3 State St. Expect delays.,0.01
A-7,7,7,Source2,Accident on Oakridge Dr at Woodward Ave. Expect delays.,0.0
A-8,8,8,Source2,Accident on I-75 Southbound at Exit 54B Grand Ave. Expect delays.,0.01
A-9,9,9,Source2,Accident on Notre Dame Ave at Warner Ave. Expect delays.,0.0
A-10,10,6,Source2,Right hand shoulder blocked due to accident on I-270 Outerbelt Westbound at Exit 29 OH-3 State St.,0.01
A-11,11,10,Source2,Accident on I-270 Outerbelt Northbound at Exits 7 7A 7B US-40 Broad St. Expect delays.,0.01
A-12,12,11,Source2,One lane blocked due to accident on I-70 Westbound at Exits 110 110A 110B Brice Rd. Expect delays.,0.01
A-13,13,12,Source2,Accident on Revere Ave at Watervliet Ave. Expect delays.,0.0
A-14,14,13,Source2,Accident on Salem Ave at Hillcrest Ave / Kensington Dr. Expect delays.,0.01
A-15,15,14,Source2,Accident on OH-16 Broad St at James Rd. Expect delays.,0.01
A-16,16,15,Source2,Accident on Wayne Ave at Glencoe Ave. Expect delays.,0.01
A-17,17,16,Source2,Accident on James H McGee Blvd at US-35. Expect delays.,0.01
A-18,18,17,Source2,Accident on Delphos Ave at Brooklyn Ave. Expect delays.,0.0
A-19,19,18,Source2,Accident on Stewart St near Rubicon St. Expect delays.,0.01
A-20,20,19,Source2,Accident on Hillcrest Ave at Piccadilly Ave. Expect delays.,0.01
A-21,21,20,Source2,Accident on Brookhill Dr at Glenhurst Ct.,0.0
A-22,22,21,Source2,Accident on Princeton Dr at Catalpa Dr. Expect delays.,0.0
A-23,23,22,Source2,Accident on OH-741 Springboro Pike at Lyons Rd. Expect delays.,0.01
A-24,24,23,Source2,Accident on I-71 Northbound at Exit 113 Silver Dr. On exit ramp.,0.01
A-25,25,24,Source2,Accident on Hoover Ave at Elmhurst Rd.,0.01
A-26,26,25,Source2,Accident on County Hwy-16 Sportsman Club Rd between Liberty Ridge Ct and Nichols Ln.,1.32
A-27,27,26,Source2,Accident on Irving Ave at Wilmington Ave.,0.0
A-28,28,27,Source2,Accident on Helena St at OH-48 Main St.,0.0
A-29,29,28,Source2,Accident on Salem Ave at Litchfield Ave.,0.01
A-30,30,29,Source2,Accident on 4th St at Wayne Ave.,0.0
A-31,31,30,Source2,Accident on Frantz Rd Southbound at Bradenton Ave.,0.01
A-32,32,31,Source2,Accident on Powell Rd at Bellefontaine Rd. Approach with care.,0.0
A-33,33,32,Source2,Left lane blocked due to accident on I-71 Southbound at Exit 115 Cooke Rd.,0.01
A-34,34,33,Source2,Right lane blocked due to accident on I-270 Outerbelt Northbound at Exit 39 OH-16 Broad St.,0.01
A-35,35,34,Source2,Accident on OH-315 Olentangy Fwy Eastbound at Cannon Dr.,0.01
A-36,36,35,Source2,Right lane blocked due to accident on OH-315 Olentangy Fwy Northbound between Cannon Dr and Lane Ave.,1.09
A-37,37,36,Source2,Accident on OH-48 Main St at Fairground Ave. Expect delays.,0.01
A-38,38,37,Source2,Accident on US-33 Columbus Lancaster Rd Eastbound at County Hwy-18 Diley Rd. Expect delays.,0.01
A-39,39,38,Source2,Accident on Leo St at Kiser St. Expect delays.,0.01
A-40,40,39,Source2,Accident on I-670 Northeast Fwy Eastbound near I-270 Outerbelt Exits 35A 35B. Expect delays.,0.01
A-41,41,40,Source2,Accident on Monroe Rd near Shaker Run Rd. Expect delays.,0.0
A-42,42,41,Source2,Accident on Stanley Ave at Kuntz Rd.,0.01
A-43,43,42,Source2,Accident on OH-72 State Route 72 Northbound at Point Isabel Rd.,0.01
A-44,44,43,Source2,Accident on I-270 Outerbelt near Exit 39 OH-16 Broad St.,0.01
A-45,45,44,Source2,Accident on I-75 Northbound at Exit 59 Wyse Rd. Expect delays.,0.01
A-46,46,45,Source2,Accident on I-70 Eastbound at Exit 102 Kelton Ave. Expect delays.,0.01
A-47,47,46,Source2,Accident on Kenny Rd at Henderson Rd. Expect delays.,0.01
A-48,48,47,Source2,Right hand shoulder blocked due to accident on I-70 Westbound at Exits 107 107A 107B OH-317 Hamilton Rd.,0.01
A-49,49,48,Source2,Accident on Stanley Ave at OH-201 Brandt St. Expect delays.,0.01
A-50,50,49,Source2,Accident on I-75 Northbound at Exits 54A 54B OH-4. Expect delays.,0.01
A-51,51,50,Source2,Accident on OH-48 Main St at Burton Ave. Expect delays.,0.01
A-52,52,51,Source2,Accident on Riverside Dr at Pointview Ave. Expect delays.,0.01
A-53,53,8,Source2,Accident on I-75 Northbound at Exit 54B Grand Ave. Expect delays.,0.01
A-54,54,52,Source2,Accident on I-70 Eastbound at Exits 93 93A 93B I-270 Outerbelt. Expect delays.,0.01
A-55,55,53,Source2,Accident on I-75 Southbound at Exit 44 OH-725 Miamisburg Centerville Rd. Expect delays.,0.01
A-56,56,54,Source2,Accident on OH-28 State Route 28 at Wood St. Expect delays.,0.01
A-57,57,55,Source2,Accident on McCall St at Abbey Ave. Expect delays.,0.01
A-58,58,56,Source2,Accident on Brown St at Fairground Ave. Expect delays.,0.01
A-59,59,57,Source2,Accident on US-35 Eastbound at Steve Whalen Blvd. Expect delays.,0.01
A-60,60,58,Source2,Accident on US-35 Eastbound at Smithville Rd. Expect delays.,0.01
A-61,61,59,Source2,Accident on I-270 Outerbelt Southbound at Exit 26 I-71.,0.01
A-62,62,60,Source2,Accident on 5 Oaks Ave at Forest Ave. Expect delays.,0.0
A-63,63,61,Source2,Accident on US-42 State Route 42 at Middletown Rd. Expect delays.,0.01
A-64,64,62,Source2,Accident on County Hwy-119 Clearcreek Rd near Tamarack Trl. Expect delays.,0.01
A-65,65,63,Source2,Accident on US-33 Columbus Lancaster Rd Westbound near County Hwy-20 Pickerington Rd. Expect delays.,0.0
A-66,66,64,Source2,Accident on I-75 Southbound at I-675. Expect delays.,0.01
A-67,67,65,Source2,Right hand shoulder blocked due to accident on I-71 Southbound at Exit 36 County Hwy-7 Wilmington Rd.,0.01
A-68,68,66,Source2,Accident on I-480 Westbound at Exit 20A-B I-77. Expect delays.,0.01
A-69,69,67,Source2,Accident on I-480 Eastbound at Exit 23 OH-14 Broadway Ave.,0.01
A-70,70,68,Source2,One lane blocked due to accident on I-270 Outerbelt Westbound at Exit 55 I-71.,0.01
A-71,71,69,Source2,One lane blocked due to accident on Main St Southbound at Lake Cascade Pkwy.,0.01
A-72,72,70,Source2,Accident on Short Leuders Rd at OH-133 State Route 133. Expect delays.,0.0
A-73,73,71,Source2,One lane blocked due to accident on OH-315 Olentangy Fwy Northbound at Goodale St.,0.01
A-74,74,72,Source2,Accident on Vista Dr at Hamilton Rd.,0.0
A-75,75,73,Source2,Accident on OH-444 Central Ave at Kauffman Ave. Expect delays.,0.01
A-76,76,74,Source2,Accident on I-75 Northbound at Exit 82 US-36 Ash St. Expect delays.,0.01
A-77,77,75,Source2,Accident on I-270 Outerbelt Eastbound at Exit 43A-B/41A-B US-40 Main St. Expect delays.,0.01
A-78,78,76,Source2,Delays due to accident on Lindale Mount Holly Rd at Lindale Nicholsville Rd.,0.01
A-79,79,77,Source2,Accident on Indianola Ave at Oakland Ave. Expect delays.,0.0
A-80,80,78,Source2,Accident on Lake Allyn Rd at Amelia Olive Branch Rd.,0.0
A-81,81,79,Source2,Accident on US-40 Main St Eastbound at Cypress Aly.,0.01
A-82,82,80,Source2,Accident on I-71 Northbound at Rest Stop North.,0.01
A-83,83,52,Source2,Accident on I-270 Outerbelt Southbound at I-70 Exits 93 93A 93B. Expect delays.,0.01
A-84,84,81,Source2,One lane blocked due to accident on I-670 Eastbound at Exit 7 US-62. Expect delays.,0.01
A-85,85,82,Source2,Left lane blocked due to accident on I-76 Westbound at Exit 16 Barber Rd.,0.01
A-86,86,83,Source2,Left lane blocked due to accident on I-77 Northbound between Exit 130 OH-261 Vernon Odom Blvd and Exit 131 OH-162 Copley Rd.,1.28
A-87,87,84,Source2,Accident on I-71 Northbound in Crimson. Approach with care.,0.01
A-88,88,85,Source2,Accident on I-480 Westbound at Exit 9 OH-17 Brookpark Rd. Expect delays.,0.01
A-89,89,86,Source2,Accident on I-77 Southbound at Exit 130 OH-261 Vernon Odom Blvd. Expect delays.,0.01
A-90,90,4,Source2,Accident on US-35 Eastbound at I-75. Expect delays.,0.01
A-91,91,87,Source2,Accident on OH-125 State Route 125 at Bantam Rd. Expect delays.,0.01
A-92,92,88,Source2,Accident on I-480 Eastbound at Exit 16 OH-94 State Rd. Expect delays.,0.01
A-93,93,89,Source2,Accident on North Broadway St at OH-315 Olentangy Fwy Exits 6 6A-B-C. Expect delays.,0.01
A-94,94,90,Source2,Accident on US-33 Columbus Lancaster Rd at OH-674 Gender Rd. Expect delays.,0.01
A-95,95,91,Source2,Accident on I-77 Northbound at Exit 133 Ridgewood Rd. Expect delays.,0.01
A-96,96,92,Source2,Accident on OH-16 Broad St at County Hwy-41 Mink St. Expect delays.,0.01
A-97,97,93,Source2,Accident on I-71 Northbound at Exit 234 US-42 Pearl Rd.,0.01
A-98,98,94,Source2,Accident on Vance Rd at Main St. Expect delays.,0.0
A-99,99,95,Source2,Accident on Broadway St at Home Ave. Expect delays.,0.01
A-100,100,58,Source2,Accident on US-35 Westbound at Smithville Rd. Expect delays.,0.01
A-101,101,96,Source2,Accident on OH-16 Broad St at Yearling Rd. Expect delays.,0.01
A-102,102,97,Source3,One lane blocked due to accident on US-23 High St Southbound from Campus View Blvd to Exits 23A 23B I-270 Outerbelt.,0.48
A-103,103,98,Source2,Accident on I-480 Eastbound at Exit 23 OH-14 Broadway Ave.,0.01
A-104,104,99,Source2,Accident on Lamme Rd at Owendale Dr.,0.0
A-105,104,100,Source2,Accident on Grafton Ave at Grand Ave.,0.0
A-106,105,57,Source2,Accident on US-35 Eastbound at Steve Whalen Blvd. Expect delays.,0.01
A-107,106,101,Source2,One lane blocked due to accident on I-270 Outerbelt Westbound at Exits 52 52A 52B US-23 High St. Expect delays.,0.01
A-108,107,102,Source2,Accident on OH-4 Keowee St at Keowee St / OH-4 Valley St. Expect delays.,0.01
A-109,108,103,Source2,Accident on Burroughs Dr at Cornell Dr. Expect delays.,0.0
A-110,109,104,Source2,Accident on Summit Glen Dr near Mall Woods Dr. Expect delays.,0.0
A-111,110,105,Source2,Accident on 2nd St at OH-4 Perry St. Expect delays.,0.01
A-112,111,106,Source2,Accident on OH-48 Main St at Melford Ave.,0.01
A-113,112,107,Source2,Accident on Dixie Dr at Bartley Rd.,0.01
A-114,113,108,Source2,Accident on Brown St at Oakwood Ave.,0.01
A-115,114,109,Source2,Accident on Smithville Rd at Speice Ave.,0.01
A-116,115,110,Source2,Accident on Auburn Ave at Salem Ave.,0.0
A-117,116,111,Source2,Accident on Stewart St at Edwin C Moses Blvd.,0.01
A-118,117,112,Source2,Left lane blocked due to accident on I-75 Southbound at Exit 51 Edwin C Moses Blvd.,0.01
A-119,118,113,Source2,Center lane blocked due to accident on US-35 Westbound at I-75.,0.01
A-120,119,114,Source2,Right lane blocked due to accident on I-71 Innerbelt Southbound at Exit 108B I-670.,0.01
A-121,120,115,Source3,Right lane blocked due to accident on I-71 Southbound at Exit 110B 11th Ave.,0.01
A-122,121,116,Source2,Left lane blocked due to accident on I-75 Northbound at Exits 52 52B US-35.,0.01
A-123,122,117,Source2,Accident on Washington St at Edwin C Moses Blvd.,0.0
A-124,123,118,Source2,Accident on Stanley Ave at Helena St.,0.01
A-125,124,119,Source2,Three lanes blocked due to accident on I-71 Southbound between Exit 121 Polaris Pkwy and Exits 119 119A 119B I-270 Outerbelt.,1.67
A-126,125,97,Source2,Left lane blocked due to accident on I-270 Outerbelt Eastbound between Exits 22 22A 22B OH-315 Olentangy Fwy and Exit 23 US-23 High St.,0.94
A-127,126,120,Source2,Left lane blocked due to accident on I-270 Outerbelt Westbound between Exit 23 US-23 High St and Exits 22 22A 22B OH-315 Olentangy Fwy.,0.94
A-128,127,121,Source2,Left lane blocked due to accident on I-270 Outerbelt Westbound between Exits 46 46A 46B US-33 and Exit 49 Alum Creek Dr.,2.79
A-129,128,122,Source2,Accident on I-70 Eastbound at Exits 108 108A-B I-270 Outerbelt.,0.01
A-130,129,123,Source2,Accident on I-71 Northbound at Exit 113 Silver Dr.,0.01
A-131,130,124,Source2,Accident on I-71 Northbound in Westfield Center.,0.01
A-132,131,125,Source2,Accident on OH-13 State Route 13 Northbound at Smith Rd.,0.01
A-133,132,126,Source2,Accident on I-75 Southbound at Exit 73 OH-55 State Route 55. Approach with care.,0.01
A-134,133,127,Source2,Left lane blocked due to accident on I-71 North Fwy Southbound at 5th Ave.,0.01
A-135,134,128,Source2,Right hand shoulder blocked due to accident on I-270 Outerbelt Northbound at Exits 35A 35B I-670 Northeast Fwy.,0.01
A-136,135,129,Source2,Left lane closed due to accident on I-71 Innerbelt Northbound at Exit 108B I-670.,0.01
A-137,136,130,Source2,Right lane closed due to accident on I-71 Eastbound at US-23 High St.,0.01
A-138,137,131,Source2,Lane blocked due to accident on I-670 Northbound at Exits 4C 5 5A 5B I-71 Innerbelt.,0.01
A-139,138,43,Source2,Accident on I-270 Outerbelt Northbound at Exit 39 OH-16 Broad St.,0.01
A-140,139,132,Source2,Lane blocked due to accident on I-71 Northbound at Exit 104 OH-104 Frank Rd.,0.01
A-141,140,133,Source2,Accident on US-22 US Highway 22 3 both ways at County Hwy-9 Melvin Rd.,0.01
A-142,141,134,Source2,Accident on Byers Rd near Monarch Ln.,0.01
A-143,142,135,Source2,Lane blocked due to accident on I-670 Westbound between i-71 North Fwy Exits 109A 109B and Third St.,0.71
A-144,143,136,Source2,Left lane closed due to accident on I-70 Westbound at Exit 98A US-62 Central Ave.,0.01
A-145,144,137,Source2,Lane blocked due to accident on OH-315 Innerbelt Southbound from Olentangy River Rd to I-670.,2.04
A-146,145,138,Source2,Accident on Webster St at Wagoner Ford Rd.,0.01
A-147,146,139,Source2,Lane blocked due to accident on Heritage Park Blvd at Greeley Ave.,0.0
A-148,147,140,Source2,Right lane closed due to accident on I-270 Outerbelt Westbound at I-71 Exit 101.,0.01
A-149,148,141,Source2,Accident on I-75 Southbound at Exits 54A 54B OH-4.,0.01
A-150,149,142,Source2,Lane blocked due to accident on Wagoner Ford Rd at Chuck Wagner Ln.,0.01
A-151,150,143,Source2,Accident on Westlake Ave at Torrington Ave.,0.0
A-152,151,4,Source2,Lane blocked due to accident on I-75 Northbound at Exits 52 52B US-35.,0.01
A-153,152,53,Source2,Lane blocked due to accident on I-75 Northbound at OH-725 Miamisburg Centerville Rd.,0.01
A-154,153,144,Source2,Lane blocked due to accident on Livingston Ave at Yearling Rd.,0.01
A-155,154,145,Source2,Lane blocked due to accident on Siebenthaler Ave at Klepinger Rd.,0.01
A-156,155,146,Source2,Lane blocked due to accident on OH-161 New Albany Expy Eastbound at Sunbury Rd.,0.01
A-157,156,147,Source2,Accident on Burning Tree Dr near Saint Andrews Dr.,0.0
A-158,157,148,Source2,Accident on OH-161 Dublin Granville Rd at Ponderosa Dr.,0.01
A-159,158,149,Source2,Accident on 4th St at Philadelphia St.,0.0
A-160,159,150,Source2,Accident on Stewart St at Patterson Blvd.,0.01
A-161,160,151,Source2,Accident on County Hwy-39 York Rd at County Hwy-34 Blacks Rd.,0.01
A-162,161,150,Source2,Accident on Stewart St at Patterson Blvd.,0.01
A-163,162,152,Source2,Accident on OH-317 Hamilton Rd near Sawyer Rd.,0.01
A-164,163,153,Source2,Accident on Westlawn Dr at Holly Dr.,0.0
A-165,164,154,Source2,Accident on OH-317 Hamilton Rd Southbound at Williams Rd. Approach with care.,0.01
A-166,165,155,Source2,Right lane blocked due to accident on I-71 Northbound at Exit 94 US-62 Harrisburg Pike. Approach with care.,0.01
A-167,166,156,Source2,Accident on County Hwy-208 Auburn Rd at County Hwy-50 Scott Rd.,0.0
A-168,167,97,Source2,One lane blocked due to accident on I-270 Outerbelt Westbound at Exit 23 US-23 High St. Expect delays.,0.01
A-169,168,157,Source2,Accident on I-77 Northbound at Exit 138 Ghent Rd. Expect delays.,0.01
A-170,169,155,Source2,Accident on I-71 Northbound at Exit 94 US-62 Harrisburg Pike. Expect delays.,0.01
A-171,170,158,Source2,Accident on Wright Rd at Bowen Rd. Expect delays.,0.0
A-172,171,97,Source2,One lane blocked due to accident on I-270 Outerbelt Westbound at Exit 23 US-23 High St.,0.01
A-173,172,159,Source2,Accident on I-270 Outerbelt Northbound at Exits 17A 17B US-33 Columbus Marysville Rd. Expect delays.,0.01
A-174,173,160,Source2,Accident on Scioto Darby Rd at Dublin Rd. Expect delays.,0.01
A-175,174,161,Source2,Accident on OH-3 Westerville Rd at Ferris Rd / Walnut Creek Dr. Expect delays.,0.01
A-176,175,162,Source2,Accident on Karwin Dr at Otterbein Ave. Expect delays.,0.0
A-177,176,132,Source2,Left hand shoulder blocked due to accident on I-71 Southbound from Exit 105 Greenlawn Ave to Exit 104 OH-104 Frank Rd.,1.65
A-178,177,163,Source2,One lane blocked due to jackknifed truck on I-71 Southbound at Exits 231 231A 231B OH-82 Royalton Rd. Expect delays.,0.01
A-179,178,164,Source2,Accident on Alpha Bellbrook Rd at Indian Ripple Rd. Expect delays.,0.01
A-180,179,165,Source2,Accident on Alum Creek Dr at Toy Rd. Expect delays.,0.01
A-181,180,166,Source2,Left hand shoulder blocked due to accident on I-70 Westbound at Exit 97 US-40 Broad St.,0.01
A-182,181,167,Source2,One lane blocked due to accident on US-23 US Highway 23 Southbound at US-22 US Highway 22 / US-22. Expect delays.,0.01
A-183,182,168,Source2,Accident on Southwest Blvd at Farm Bank Way.,0.01
A-184,183,169,Source2,Accident on OH-48 Main St at Fairview Ave. Expect delays.,0.01
A-185,184,170,Source2,Accident on I-71 Northbound at Exits 119 119A 119B I-270 Outerbelt. Expect delays.,0.01
A-186,185,171,Source2,Accident on US-42 2nd St at US-42 Hedges St / 2nd St. Expect delays.,0.01
A-187,186,86,Source2,Accident on I-77 Southbound at Exit 130 OH-261 Vernon Odom Blvd. Expect delays.,0.01
A-188,187,172,Source2,One lane blocked due to accident on I-270 Outerbelt Northbound at Exit 37 OH-317 Hamilton Rd. Expect delays.,0.01
A-189,188,173,Source2,Accident on US-23 Indianola Ave at Dunedin Rd.,0.01
A-190,189,174,Source2,One lane blocked due to accident on OH-32 Appalachian Hwy Westbound from County Hwy-13 Lawshe Rd to Barry McFarland Dr.,1.65
A-191,190,175,Source2,One lane blocked due to accident on I-70 Westbound at Exit 95 Fisher Rd. Expect delays.,0.01
A-192,191,176,Source2,Accident on Gettysburg Ave at Free Pike. Expect delays.,0.01
A-193,192,177,Source2,Accident on I-270 Outerbelt Northbound at Exit 32 Morse Rd. Expect delays.,0.01
A-194,193,178,Source2,Accident on Groveport Rd at Rager Rd. Expect delays.,0.01
A-195,194,179,Source2,One lane blocked due to accident on OH-315 Olentangy Fwy Southbound at Exit 7 Olentangy River Rd. Expect delays.,0.01
A-196,195,179,Source2,Lane blocked on exit ramp due to accident on Olentangy River Rd Northbound at Olentangy River Rd / Henderson Rd.,0.01
A-197,196,180,Source2,Accident on Radio Rd at Smithville Rd. Expect delays.,0.0
A-198,197,181,Source2,Accident on Alex Bell Rd at OH-741 Springboro Pike. Expect delays.,0.01
A-199,198,182,Source2,Accident on Riverview Ave at Salem Ave. Expect delays.,0.01
A-200,199,183,Source2,Accident on Kuntz Rd at Janney Rd. Expect delays.,0.0
A-201,200,184,Source2,Accident on Hazel Ave at Russell Ave. Expect delays.,0.0
A-202,201,159,Source2,Accident on I-270 Outerbelt Westbound at Exits 17A 17B US-33 Columbus Marysville Rd. Expect delays.,0.01
A-203,202,185,Source2,One lane blocked and queueing traffic due to accident on I-64 Eastbound at Exit 39 WV-34.,0.01
A-204,203,186,Source2,Accident on OH-4 Keowee St at OH-4 Keowee St.,0.01
A-205,204,187,Source2,Entry ramp closed due to accident on I-270 Outerbelt Westbound at Exits 35A 35B I-670 Northeast Fwy.,0.01
A-206,205,188,Source2,Accident on Main St at Jasper Ave / Patton St. Expect delays.,0.01
A-207,206,189,Source2,Accident on Dona Ave at Broadway St. Expect delays.,0.01
A-208,207,190,Source2,Accident on US-62 Main St at 2nd St / Civic Center Dr. Expect delays.,0.01
A-209,208,191,Source2,Accident on OH-133 State Route 133 near Tudor Ln. Expect delays.,0.01
A-210,209,192,Source2,Accident on OH-21 Northbound at I-77. Expect delays.,0.01
A-211,210,193,Source2,Right hand shoulder blocked due to accident on I-90 Eastbound at OH-2.,0.01
A-212,211,194,Source2,Accident on I-75 Southbound before Exit 50B OH-741 Springboro Rd. Expect delays.,0.01
A-213,212,86,Source2,Accident on I-77 Northbound at Exit 130 OH-261 Vernon Odom Blvd. Expect delays.,0.01
A-214,213,195,Source2,Accident on Wildwood Ave at Stewart St. Expect delays.,0.0
A-215,214,196,Source2,Accident on I-70 Westbound at Exits 112 112A 112B OH-256 Hill Rd. Expect delays.,0.01
A-216,215,181,Source2,Accident on Alex Bell Rd at OH-741 Springboro Pike. Expect delays.,0.01
A-217,216,197,Source2,Accident on OH-133 State Route 133 from Macedonia Rd to Clover Rd. Expect delays.,1.73
A-218,217,198,Source2,Right hand shoulder blocked due to accident on OH-161 New Albany Expy Westbound at Little Turtle Way / Dublin Granville Rd.,0.01
A-219,218,199,Source2,Accident on I-76 Eastbound at Exit 16 Barber Rd. Expect delays.,0.01
A-220,219,200,Source2,Accident on Washington St at Cincinnati St. Expect delays.,0.0
A-221,220,58,Source2,Accident on US-35 Eastbound at Smithville Rd. Expect delays.,0.01
A-222,221,201,Source2,One lane blocked due to accident on I-76 Eastbound at Exit 14 Cleveland Massillon Rd.,0.01
A-223,222,202,Source2,Accident on Repp Rd at County Hwy-34 Franchester Rd.,0.0
A-224,223,66,Source2,Accident on I-480 Eastbound at Exit 20A-B I-77. Expect delays.,0.01
A-225,224,203,Source2,Accident on Nicholas Rd at Danner Ave. Expect delays.,0.01
A-226,225,49,Source2,Accident on I-75 Southbound at Exits 54A 54B OH-4. Expect delays.,0.01
A-227,226,204,Source2,Accident on OH-48 Main St at Pointview Ave. Expect delays.,0.01
A-228,227,205,Source2,One lane blocked due to accident on I-70 Westbound at Exit 152 US-40 West Pike. Expect delays.,0.01
A-229,228,206,Source2,Accident on Cobblegate Dr at Alex Bell Rd. Expect delays.,0.0
A-230,229,207,Source2,Entry ramp closed due to accident on OH-18 Deshler Rd at I-75.,0.01
A-231,230,208,Source2,Accident on OH-741 Springboro Pike at Ferndown Dr.,0.01
A-232,231,209,Source2,Accident on Hillcrest Ave at Falmouth Ave.,0.01
A-233,232,210,Source2,Accident on Nationwide Blvd at Front St. Approach with care.,0.0
A-234,233,211,Source2,Accident on Groveport Rd at Watkins Rd.,0.01
A-235,234,212,Source2,Accident on Little York Rd at Webster St. Expect delays.,0.01
A-236,235,213,Source2,Accident on OH-17 Granger Rd at Canal Rd. Expect delays.,0.01
A-237,236,196,Source2,One lane blocked due to accident on I-70 Westbound at Exits 112 112A 112B OH-256 Hill Rd. Expect delays.,0.01
A-238,237,86,Source2,Accident on I-77 Southbound at Exit 130 OH-261 Vernon Odom Blvd. Expect delays.,0.01
A-239,238,214,Source2,One lane blocked due to accident on I-71 Southbound at Exit 84 OH-56 State Route 56. Expect delays.,0.01
A-240,239,215,Source2,Accident on I-480 Eastbound at Exit 15 Ridge Rd. Expect delays.,0.01
A-241,240,85,Source2,Accident on I-480 Eastbound at Exit 9 OH-17 Brookpark Rd. Expect delays.,0.01
A-242,241,216,Source3,One lane blocked due to accident on I-75 Northbound at Exit 58 Needmore Rd.,0.01
A-243,242,217,Source3,One lane blocked due to accident on US-35 Westbound at Woodman Dr.,0.01
A-244,243,172,Source2,Right hand shoulder blocked due to accident on I-270 Outerbelt Northbound at Exit 37 OH-317 Hamilton Rd.,0.01
A-245,244,218,Source2,Accident on Washington Church Rd near Lyons Rd. Expect delays.,0.01
A-246,245,219,Source2,Accident on 5th St at Torrence St. Expect delays.,0.01
A-247,246,220,Source2,Accident on Philadelphia St near 3rd St. Expect delays.,0.0
A-248,247,221,Source2,Accident on I-70 Eastbound at Exit 103B Alum Creek Dr. Expect delays.,0.01
A-249,248,222,Source2,Accident on I-71 at Exit 238 I-480.,0.01
A-250,249,223,Source2,Accident on Marco Ln at Mandel Dr. Expect delays.,0.0
A-251,250,224,Source2,Accident on Wadsworth Rd at Needmore Rd. Expect delays.,0.0
A-252,251,225,Source2,Accident on I-71 Northbound at Exit 235 Bagley Rd. Expect delays.,0.01
A-253,252,226,Source2,Accident on US-33 Riverside Dr at Trabue Rd / Cambridge Blvd. Expect delays.,0.01
A-254,253,227,Source2,Accident on Illinois Ave at Buchanan Ave. Expect delays.,0.0
A-255,254,132,Source2,Right hand shoulder blocked due to accident on I-71 Northbound at Exit 104 OH-104 Frank Rd.,0.01
A-256,255,228,Source2,Accident on Tiedeman Rd Southbound at Cascade Xing.,0.01
A-257,256,229,Source3,Two lanes blocked due to accident on I-71 Southbound at Exit 110B 11th Ave. Expect delays.,0.01
A-258,257,230,Source2,Accident on I-71 Southbound at Exit 235 Bagley Rd.,0.01
A-259,258,231,Source2,One lane blocked due to accident on I-71 Northbound near Exit 238 I-480. Expect delays.,0.01
A-260,259,66,Source2,One lane blocked due to accident on I-480 Eastbound at Exit 20A-B I-77. Expect delays.,0.01
A-261,260,232,Source2,Accident on OH-202 Troy Pike Southbound at I-70 Exit 36.,0.01
A-262,261,214,Source2,One lane blocked due to accident on I-71 Southbound at Exit 84 OH-56 State Route 56. Expect delays.,0.01
A-263,262,44,Source2,Right hand shoulder blocked due to accident on I-75 Southbound at Exit 59 Wyse Rd.,0.01
A-264,263,233,Source2,Accident on Walnut St at Birch Aly.,0.0
A-265,264,234,Source2,Accident on James H McGee Blvd at 3rd St.,0.01
A-266,265,235,Source2,Accident on Ludlow St at OH-48 Main St.,0.01
A-267,266,236,Source2,Accident on Wayne Ave at Cass St.,0.01
A-268,267,237,Source2,Delays expected due to accident on I-75 Northbound at Exit 68 OH-571 Main St.,0.01
A-269,268,238,Source2,Accident on Mandel Dr at Box Elder Dr.,0.0
A-270,269,239,Source2,Accident on I-70 Eastbound at Exit 102 Kelton Ave. Approach with care.,0.01
A-271,270,240,Source2,Accident on OH-315 Olentangy Fwy at I-270 Outerbelt.,0.01
A-272,271,241,Source2,Accident on Shoup Mill Rd at Turner Rd. Expect delays.,0.01
A-273,272,242,Source2,Accident on Springboro Rd at Arbor Blvd. Expect delays.,0.01
A-274,273,243,Source2,Accident on US-23 High St at Morrill Ave. Expect delays.,0.01
A-275,274,52,Source2,One lane blocked due to accident on I-70 Westbound at Exits 93 93A 93B I-270 Outerbelt. Expect delays.,0.01
A-276,275,244,Source2,Accident on Groveport Rd at OH-104 Frank Rd.,0.01
A-277,276,245,Source2,Accident on OH-125 State Route 125 at OH-222 State Route 222 / OH-125 Ohio Pike. Expect delays.,0.01
A-278,277,246,Source2,Accident on Meriline Ave at Farnham Ave. Expect delays.,0.0
A-279,278,247,Source2,Accident on Taylor Ave at Greenway Ave. Expect delays.,0.0
A-280,279,248,Source2,Accident on US-62 Coshocton St at Williams St.,0.01
A-281,280,249,Source2,Accident on Stanley Ave at Keowee St. Expect delays.,0.01
A-282,281,250,Source2,Accident on Hilliard Rome Rd at Tinapple Rd. Expect delays.,0.01
A-283,282,251,Source2,Accident on Roberts Rd at Hilliard Rome Rd. Expect delays.,0.01
A-284,283,252,Source2,Accident on I-675 Northbound near Exits 13A 13A-B 13B US-35. Expect delays.,0.01
A-285,284,253,Source2,Accident on Court St at Summit St.,0.0
A-286,285,254,Source2,Accident on I-70 Westbound at Exit 102 Kelton Ave. Expect delays.,0.01
A-287,286,255,Source2,Accident on Lexington Ave at Wilson Dr. Expect delays.,0.0
A-288,287,256,Source2,Accident on Redwood Ave at OH-48 Main St. Expect delays.,0.0
A-289,288,257,Source2,Accident on Wayne Ave at /Keowee St / Wayne Ave. Expect delays.,0.01
A-290,289,258,Source2,Accident on Cardington Rd at Lance Dr. Expect delays.,0.0
A-291,290,259,Source2,Accident on Pleasant Ave at Harbine Ave. Expect delays.,0.0
A-292,291,260,Source2,Accident on Walton Ave at Kammer Ave. Expect delays.,0.0
A-293,292,261,Source2,Accident on OH-48 Main St at Ashwood Ave. Expect delays.,0.01
A-294,293,262,Source2,Accident on OH-48 Main St at OH-4 Monument Ave. Expect delays.,0.01
A-295,294,263,Source2,Accident on OH-48 Main St at 4th St. Expect delays.,0.01
A-296,295,264,Source2,Accident on I-71 Northbound at Exit 131 US-36 State Route 37. Expect delays.,0.01
A-297,296,265,Source2,Accident on US-33 Columbus Marysville Rd at Avery Rd.,0.01
A-298,297,266,Source2,Accident on 1st Ave Westbound at Broadview Ave.,0.01
A-299,298,267,Source2,Accident on OH-202 Troy St at Stanley Ave.,0.01
A-300,299,268,Source2,Accident on Smithville Rd at 3rd St.,0.01
A-301,300,269,Source2,Right lane blocked due to accident on I-270 Outerbelt Westbound between Exit 29 OH-3 State St and Exit 27 Cleveland Ave.,1.28
A-302,301,270,Source2,Accident on Wright Ave at 5th St.,0.01
A-303,302,271,Source2,Accident on County Hwy-19 Sugar Ridge Rd at Dunbridge Rd. Expect delays.,0.0
A-304,303,272,Source2,Accident on Waggoner Rd at OH-16 Broad St. Expect delays.,0.01
A-305,304,273,Source2,Accident on US-40 Main St at OH-317 Hamilton Rd. Expect delays.,0.01
A-306,305,90,Source2,Accident on US-33 Columbus Lancaster Rd Westbound at OH-674 Gender Rd.,0.01
A-307,306,274,Source2,Accident on Wright Ave at Kittyhawk Dr.,0.0
A-308,307,196,Source3,Left hand shoulder blocked due to accident on I-70 Westbound at Exits 112 112A 112B OH-256 Hill Rd.,0.01
A-309,308,275,Source2,Accident on Lazelle Rd at Flint Rd. Expect delays.,0.01
A-310,309,276,Source2,Accident on Findlay St at 3rd St. Expect delays.,0.01
A-311,310,277,Source2,Accident on Westview Ave at Rangeley Ave. Expect delays.,0.0
A-312,311,278,Source2,Accident on Dennison Ave at 2nd Ave. Expect delays.,0.0
A-313,312,279,Source2,Accident on OH-28 State Route 28 at Goshen Rd. Expect delays.,0.01
A-314,313,280,Source2,Accident on I-71 Southbound at Exit 116 Sinclair Rd. Expect delays.,0.01
A-315,314,281,Source2,One lane blocked due to accident on I-270 Outerbelt Southbound at Exit 30 OH-161 New Albany Expy. Expect delays.,0.01
A-316,315,282,Source2,Accident on OH-48 State Route 48 near Deershadow Rd. Expect delays.,0.01
A-317,316,283,Source2,Accident on Lynpark Ave at Cordell Dr.,0.0
A-318,317,284,Source2,Accident on Neff Rd at Norledge Dr.,0.0
A-319,318,285,Source2,Accident on OH-48 Main St at Vinway Ct.,0.01
A-320,319,286,Source2,Accident on Huffman Ave at 4th St.,0.0
A-321,320,287,Source2,Accident on Brown St at Stewart St. Expect delays.,0.01
A-322,321,288,Source2,Accident on Dixie Dr at Needmore Rd. Expect delays.,0.01
A-323,322,289,Source2,Accident on Rolfe Ave Eastbound at Wagoner Ford Rd. Expect delays.,0.0
A-324,323,290,Source2,Accident on Patterson Rd at Smithville Rd. Expect delays.,0.01
A-325,324,291,Source2,Accident on Smithville Rd at Tuttle Ave. Expect delays.,0.01
A-326,325,292,Source2,Accident on Frederick Pike at Beejay Ct. Expect delays.,0.01
A-327,326,293,Source2,Entry ramp closed due to accident on OH-2 Westbound at Baumhart Rd.,0.01
A-328,327,257,Source2,Accident on Keowee St at US-35.,0.01
A-329,328,294,Source2,Accident on Washington Village Dr at OH-725 Miamisburg Centerville Rd.,0.0
A-330,329,295,Source2,Accident on Dixie Dr at Ridge Ave.,0.01
A-331,330,296,Source2,Accident on OH-48 Main St at Washington St.,0.01
A-332,331,196,Source2,One lane blocked due to accident on I-70 Westbound at Exits 112 112A 112B OH-256 Hill Rd. Expect delays.,0.01
A-333,332,297,Source2,Accident on Crosley Rd between Red Lion 5 Points Rd and County Hwy-46 Lytle 5 Points Rd. Expect delays.,0.0
A-334,333,298,Source2,Accident on Pleasant Hill Rd at OH-131 State Route 131. Expect delays.,0.01
A-335,334,299,Source2,Right hand shoulder blocked due to accident on OH-315 Olentangy Fwy at Goodale St.,0.01
A-336,335,300,Source2,Accident on OH-31 State Route 131 near Wild Rose Ln. Expect delays.,0.01
A-337,336,301,Source2,Accident on Stroop Rd at Woodman Dr. Expect delays.,0.01
A-338,337,22,Source2,Accident on OH-741 Springboro Pike at Lyons Rd. Expect delays.,0.01
A-339,338,302,Source2,Accident on I-70 Eastbound at Exit 96 I-670. Expect delays.,0.01
A-340,339,176,Source2,Accident on Free Pike at Gettysburg Ave. Expect delays.,0.01
A-341,340,303,Source2,Accident on Valley St at Rutledge Ave. Expect delays.,0.01
A-342,341,304,Source2,Accident on 5th Ave Westbound at Star Ave. Expect delays.,0.01
A-343,342,305,Source2,Accident on Needmore Rd at Payne Ave. Expect delays.,0.01
A-344,343,306,Source2,Accident on Keowee St at Leo St.,0.01
A-345,344,307,Source2,Accident on Social Row Rd at Watch Hill Ln.,0.01
A-346,345,308,Source2,Left lane blocked due to accident on I-71 Southbound at Exits 237 237A 237B Snow Rd.,0.01
A-347,346,309,Source2,Left lane blocked due to accident on I-71 Northbound at Exit 114 Silver Dr.,0.01
A-348,347,310,Source2,Left lane blocked due to accident on I-71 Innerbelt Southbound at Exit 108B I-670.,0.01
A-349,348,311,Source2,Left lane blocked due to accident on I-670 Northeast Fwy Eastbound at Exit 9 International Gtwy.,0.01
A-350,349,312,Source2,Accident on I-270 Outerbelt Southbound at Exits 46 46A 46B US-33. Approach with care.,0.01
A-351,350,313,Source2,Accident on I-71 Southbound at Exit 97 OH-665 London Groveport Rd.,0.01
A-352,351,314,Source2,Accident on OH-741 Springboro Pike at Cardington Rd. Expect delays.,0.01
A-353,352,315,Source2,Delays expected due to accident on Byers Rd at OH-725 Miamisburg Centerville Rd / Watertower Ln.,0.01
A-354,353,316,Source2,Accident on I-75 Southbound at Exit 51 Edwin C Moses Blvd. Expect delays.,0.01
A-355,354,317,Source2,Accident on I-75 Southbound at Exit 179 US-6 Grand Army of the Republic Hwy. Expect delays.,0.01
A-356,355,318,Source2,Accident on I-675 Northbound at Exit 24 OH-444 Broad St. Expect delays.,0.01
A-357,356,319,Source2,Accident on OH-741 Springboro Pike at Miami Village Dr. Expect delays.,0.01
A-358,357,320,Source2,Accident pedestrian involved on OH-202 Troy Pike at Executive Blvd. Expect delays.,0.01
A-359,358,321,Source2,Accident on Sunbury Rd at Morse Rd. Expect delays.,0.01
A-360,359,322,Source2,Accident on I-480 Eastbound at Exit 17 OH-17 Brookpark Rd. Expect delays.,0.01
A-361,360,323,Source3,Accident on I-75 Southbound from Exit 57 Wagner Ford Rd to Exit 56 Stanley Ave. Expect delays.,0.94
A-362,361,324,Source2,Accident on OH-4 State Route 4 Southbound at Adams Rd. Expect delays.,0.01
A-363,362,325,Source2,Accident on OH-21 before I-76. Expect delays.,0.01
A-364,363,326,Source2,Accident on US-35 US Highway 35 Northbound at State Highway 817. Approach with care.,0.01
A-365,364,257,Source2,Accident on Wayne Ave at US-35. Expect delays.,0.01
A-366,365,327,Source2,Accident on Hall Rd at Georgesville Rd. Expect delays.,0.01
A-367,366,328,Source2,Accident on Wilson Rd at Valleyview Dr. Expect delays.,0.01
A-368,367,329,Source2,Accident on Stroop Rd at OH-741 Springboro Pike.,0.01
A-369,368,330,Source2,Accident on OH-21 at OH-585 Wooster Rd.,0.01
A-370,369,318,Source3,One lane blocked due to accident on I-675 Southbound at Exit 24 OH-444 Broad St. Expect delays.,0.01
A-371,370,331,Source2,Accident on I-76 Eastbound at Exit 19 Kenmore Blvd. Expect delays.,0.01
A-372,371,66,Source2,Accident on I-77 Northbound at Exits 155 156 I-480. Expect delays.,0.01
A-373,372,332,Source2,Accident on I-76 Eastbound at Exit 17A State St. Expect delays.,0.01
A-374,373,333,Source2,Accident on Nutt Rd at OH-48 Dayton Lebanon Pike. Expect delays.,0.01
A-375,374,334,Source2,Accident on North Ave at Old Byesville Rd.,0.0
A-376,375,335,Source2,Accident on Arbor Blvd at Springboro Rd. Expect delays.,0.01
A-377,376,336,Source2,Accident on 5th St at Keowee St. Expect delays.,0.01
A-378,377,337,Source2,Accident on Hillcrest Ave at England Ave. Expect delays.,0.01
A-379,378,338,Source2,Accident on Linden Ave at Xenia Ave. Expect delays.,0.01
A-380,379,339,Source2,Accident on OH-37 Central Ave at Union St. Expect delays.,0.01
A-381,380,340,Source2,Accident on Wilmington Ave at Shroyer Rd. Expect delays.,0.01
A-382,381,341,Source2,Accident on US-33 Columbus Lancaster Rd at County Hwy-23 Winchester Rd. Expect delays.,0.01
A-383,382,317,Source2,One lane blocked due to accident on I-75 Southbound at Exit 179 US-6 Grand Army of the Republic Hwy. Expect delays.,0.01
A-384,383,337,Source2,Accident on Hillcrest Ave at England Ave.,0.01
A-385,384,338,Source2,Accident on Linden Ave at Xenia Ave.,0.01
A-386,385,97,Source2,Center lane blocked due to accident on I-270 Outerbelt Eastbound between Exits 22 22A 22B OH-315 Olentangy Fwy and Exit 23 US-23 High St.,0.94
A-387,386,342,Source2,Accident on OH-232 State Route 232 at OH-756 State Route 756. Expect delays.,0.0
A-388,387,343,Source2,Accident on Poth Rd at Yearling Rd. Expect delays.,0.0
A-389,388,344,Source2,Multi-vehicle accident on OH-58 Leavitt Rd at County Hwy-57 Russia Rd. Expect delays.,0.01
A-390,389,345,Source2,Accident on Wyoming St at Edgar Ave.,0.01
A-391,390,346,Source2,Left hand shoulder blocked due to accident on I-71 Southbound at Exit 117 OH-161 Dublin Granville Rd.,0.01
A-392,391,347,Source2,Accident on Ridge Ave at Riverside Dr. Expect delays.,0.01
A-393,392,348,Source2,Accident on I-71 Northbound at Exit 100 Stringtown Rd. Expect delays.,0.01
A-394,393,349,Source2,Accident on OH-741 Springboro Pike at Orchard Run Rd. Expect delays.,0.01
A-395,394,350,Source2,Accident on Lyons Rd at Newmark Dr.,0.01
A-396,395,241,Source2,Accident on Shoup Mill Rd at Turner Rd.,0.01
A-397,396,216,Source2,Accident on Needmore Rd at I-75.,0.01
A-398,397,351,Source2,Accident on I-70 at Exits 99A 99A-B 99B 99C South Fwy.,0.01
A-399,398,352,Source2,Accident on Wayne Ave at Epworth Ave.,0.01
A-400,399,353,Source2,Accident on I-71 at Exit 104 OH-104 Frank Rd.,0.01
A-401,400,354,Source2,Accident on I-76 Westbound at Exit 17A State St.,0.01
A-402,401,355,Source2,Accident on Siebenthaler Ave at Riverside Dr.,0.01
A-403,402,356,Source2,Accident on I-270 Outerbelt Northbound at Exit 30 OH-161 New Albany Expy.,0.01
A-404,403,58,Source2,Accident on US-35 Eastbound at Smithville Rd. Expect congestion.,0.01
A-405,404,357,Source2,Accident on US-35 Eastbound at Steve Whalen Blvd.,0.01
A-406,405,358,Source2,Accident on OH-741 Springboro Pike at Main St. Expect delays.,0.01
A-407,406,359,Source2,Accident on Riverside Dr at Bond St.,0.01
A-408,407,360,Source2,Accident on Lee Rd at Ramage Ave.,0.0
A-409,408,361,Source2,Accident on I-75 Northbound at Exit 41 Austin Blvd. Expect delays.,0.01
A-410,409,362,Source2,Accident on I-670 Eastbound at Exits 2B 3 Neil Ave. Expect delays.,0.01
A-411,410,363,Source2,Accident on McOwen St at Riverside Dr. Expect delays.,0.0
A-412,411,364,Source2,Accident on Smith Rd at Revere Rd. Expect delays.,0.01
A-413,412,365,Source2,Accident on OH-741 Springboro Pike Southbound at Habitat Blvd. Expect delays.,0.01
A-414,413,366,Source2,Accident on Missouri Ave at Heaton Ave. Expect delays.,0.0
A-415,414,367,Source2,Accident on Rainier Dr at Woodman Dr. Expect delays.,0.0
A-416,415,359,Source2,Accident on Bond St at Riverside Dr.,0.0
A-417,416,368,Source3,Right lane blocked due to accident on I-270 Outerbelt Northbound at Exit 10 Roberts Rd.,0.01
A-418,417,369,Source2,Accident on Stanley Ave at Valley St.,0.01
A-419,418,370,Source2,Accident on Mad River Rd at Penbrooke Trl.,0.01
A-420,419,371,Source2,Accident on OH-4 Keowee St at Ottawa St.,0.01
A-421,420,241,Source2,Accident on Turner Rd at OH-48 Main St.,0.01
A-422,421,127,Source3,Delays and left lane closed due to accident on I-71 North Fwy Southbound after 5th Ave.,0.01
A-423,422,372,Source2,Delays and right lane closed due to accident on I-75 Southbound in Springcreek.,0.01
A-424,423,373,Source2,Accident on Dog Leg Rd near Stillwater River.,0.01
A-425,424,374,Source2,Accident on Miller Farm Ln at OH-725 Miamisburg Centerville Rd.,0.0
A-426,425,375,Source2,Accident on Wheatland Ave at Sullivant Ave. Expect delays.,0.0
A-427,426,376,Source2,Accident on OH-741 Springboro Pike at Tech Blvd. Expect delays.,0.01
A-428,427,377,Source2,Accident on OH-48 Main St at Beechwood Ave.,0.01
A-429,428,378,Source2,Accident on US-62 Harrisburg Pike at Briggs Rd / October Ridge Dr. Expect delays.,0.01
A-430,429,379,Source2,Accident on Livingston Ave at James Rd.,0.01
A-431,430,368,Source2,Accident on I-270 Outerbelt Southbound at Exit 10 Roberts Rd. Expect delays.,0.01
A-432,431,380,Source2,Accident on Funderburg Rd near Ironwood Dr. Expect delays.,0.01
A-433,432,381,Source2,Accident on Old State Route 74 at Shayler Rd.,0.01
A-434,433,382,Source2,Accident on OH-28 State Route 28 at Bypass 28 / Romar Dr. Expect delays.,0.01
A-435,434,383,Source2,Accident on OH-32 Appalachian Hwy at County Hwy-3 Sardinia Mowrystwn Rd. Expect delays.,0.01
A-436,435,74,Source2,Accident on I-75 Northbound from Exit 74 OH-41 Main St to Exit 82 US-36 Ash St. Expect delays.,7.07
A-437,436,384,Source2,Accident on Stelzer Rd near McCutcheon Rd.,0.01
A-438,437,376,Source2,Accident on OH-741 Springboro Pike near Tech Blvd.,0.01
A-439,438,385,Source2,Accident on OH-161 New Albany Expy Eastbound at Little Turtle Way.,0.01
A-440,439,386,Source2,Accident on Pullman Dr at Lewis Center Rd.,0.0
A-441,440,387,Source2,Accident on I-270 Outerbelt Northbound at Exits 35A 35B I-670 Northeast Fwy.,0.01
A-442,441,128,Source2,Left lane closed due to accident on I-270 Outerbelt Southbound at Exits 35A 35B I-670 Northeast Fwy.,0.01
A-443,442,388,Source2,Accident on I-270 Outerbelt at I-270 Outerbelt.,0.01
A-444,443,389,Source2,Accident on OH-741 Springboro Pike at Tech Blvd.,0.01
A-445,444,390,Source2,Accident on Urban Hollow Ct in Grove City.,0.0
A-446,445,391,Source2,Accident on I-75 Southbound at Exit 181 OH-64.,0.01
A-447,446,392,Source2,Accident on I-270 Outerbelt Southbound at Exit 43A-B/41A-B US-40 Main St.,0.01
A-448,447,393,Source2,Accident on I-270 Outerbelt Northbound at Exit 43A-B/41A-B US-40 Main St.,0.01
A-449,448,394,Source2,Accident on OH-82 Royalton Rd at I-77.,0.01
A-450,449,267,Source2,Accident on OH-202 Troy St at Stanley Ave.,0.01
A-451,450,395,Source2,Accident on Babbitt St at OH-48 Main St.,0.0
A-452,451,396,Source2,Accident on Lakebend Dr in Dayton.,0.0
A-453,452,397,Source2,Accident on Beaverbrook Ct at Beaverbrook Dr.,0.0
A-454,453,398,Source2,Accident on OH-28 State Route 28 at Morgan Rd. Expect delays.,0.01
A-455,454,399,Source2,Right hand shoulder blocked due to accident on I-71 Northbound at Exit 114 Silver Dr.,0.01
A-456,455,400,Source2,Accident on Magnolia St at Brown St. Expect delays.,0.0
A-457,456,401,Source2,Accident on Herman Ave Southbound near Creston Ave.,0.0
A-458,457,52,Source2,Shoulder blocked due to accident on I-70 Westbound at Exits 93 93A 93B I-270 Outerbelt.,0.01
A-459,458,402,Source2,Left hand shoulder blocked due to accident on I-70 Westbound at Exit 103B Alum Creek Dr.,0.01
A-460,459,403,Source2,Accident on OH-132 State Route 132 at OH-123 State Route 123. Expect delays.,0.01
A-461,460,404,Source2,Accident on OH-132 State Route 132 at OH-222 State Route 222. Expect delays.,0.01
A-462,461,336,Source2,Accident on 5th St at Keowee St.,0.01
A-463,462,405,Source2,One lane blocked due to accident on I-71 Southbound at Exit 105 Greenlawn Ave.,0.01
A-464,463,4,Source2,Accident on I-75 Northbound near Exits 52 52B US-35. Expect delays.,0.01
A-465,464,406,Source2,Accident on Union Schoolhouse Rd at Baker Rd.,0.0
A-466,465,407,Source2,Accident on Mall Ring Rd at OH-725 Miamisburg Centerville Rd.,0.0
A-467,466,408,Source2,Accident on Davis Ave at Belpre Pl.,0.0
A-468,467,409,Source2,Accident on Forest Ave at Grand Ave.,0.0
A-469,468,58,Source2,Accident on US-35 Westbound at Smithville Rd.,0.01
A-470,469,410,Source2,Accident on OH-741 Springboro Pike at Dixie Dr.,0.01
A-471,470,411,Source2,Accident on Fairfax Dr at Stonecreek Dr.,0.0
A-472,471,412,Source2,Accident on Wilson Rd Northbound in Columbus.,0.01
A-473,472,413,Source2,Accident on Hillcrest Ave at Riverside Dr.,0.01
A-474,473,414,Source2,Accident on OH-48 Main St at Burton Ave.,0.01
A-475,474,58,Source2,Left lane closed due to accident on US-35 Eastbound at Smithville Rd.,0.01
A-476,475,415,Source2,Right hand shoulder blocked due to accident on I-70 Eastbound at Exits 108 108A-B I-270 Outerbelt.,0.01
A-477,476,416,Source2,Center lane closed due to accident on I-75 Southbound at Exits 53A 53B 1st St.,0.01
A-478,477,417,Source2,Entry ramp closed due to accident on OH-315 Olentangy Fwy Northbound at OH-315 Olentangy Fwy.,0.01
A-479,478,179,Source2,Entry ramp closed due to accident on OH-315 Olentangy Fwy Northbound at Exit 7 Olentangy River Rd.,0.01
A-480,479,418,Source2,Accident on Hague Ave at Sullivant Ave. Expect delays.,0.01
A-481,480,68,Source2,Accident on I-270 Outerbelt Eastbound at Exit 55 I-71. Expect delays.,0.01
A-482,481,419,Source2,Multi-vehicle accident on I-77 Southbound at Exit 133 Ridgewood Rd. Expect delays.,0.01
A-483,482,420,Source2,One lane blocked due to accident on I-70 Westbound at Exit 98A US-62 Central Ave.,0.01
A-484,483,216,Source2,Accident on I-75 Southbound at Exit 58 Needmore Rd. Expect delays.,0.01
A-485,484,323,Source3,Accident on I-75 Southbound at Exit 56 Stanley Ave. Expect delays.,0.01
A-486,485,421,Source2,Accident on US-35 Eastbound at Abbey Ave. Expect delays.,0.01
A-487,486,4,Source2,Accident on US-35 Eastbound at I-75 Exits 52 52B. Expect delays.,0.01
A-488,487,323,Source2,Accident on I-75 Southbound at Exit 56 Stanley Ave. Expect delays.,0.01
A-489,488,317,Source2,Accident on I-75 Southbound near Exit 179 US-6 Grand Army of the Republic Hwy. Expect delays.,0.01
A-490,489,422,Source2,Accident on Gettysburg Ave at Edison St. Expect delays.,0.01
A-491,490,423,Source2,Accident on Springmont Ave at Wheatland Ave. Expect delays.,0.0
A-492,491,272,Source2,One lane blocked due to accident on OH-16 Broad St at Waggoner Rd.,0.01
A-493,492,424,Source2,Accident on I-270 Outerbelt Southbound at Exit 30 OH-161 New Albany Expy.,0.01
A-494,493,425,Source2,Accident on Watervliet Ave at Wayne Ave.,0.0
A-495,494,426,Source2,Accident on County Hwy-193 Troy Urbana Rd at OH-589 State Route 589. Expect delays.,0.01
A-496,495,427,Source2,Accident on OH-315 Olentangy Fwy Southbound at OH-161 Dublin Granville Rd. Expect delays.,0.01
A-497,496,428,Source2,Accident on Woodman Dr at Woodbine Ave.,0.01
A-498,497,429,Source2,Accident on OH-4 Monument Ave at Patterson Blvd. Expect delays.,0.01
A-499,498,430,Source2,Accident on Broadway St at OH-4 Germantown St.,0.01
A-500,499,4,Source2,Accident on US-35 at I-75.,0.01
A-501,500,431,Source2,Accident on Rich St at Rickenbacker St.,0.0
A-502,501,432,Source2,Accident on Cassady Ave Northbound at Cassady Village Trl.,0.01
A-503,502,433,Source2,Right lane closed due to accident on OH-315 Innerbelt Southbound at US-62 Plato Pl.,0.01
A-504,503,405,Source2,Accident on I-71 Southbound after Exit 105 Greenlawn Ave.,0.01
A-505,504,58,Source2,Accident on US-35 Southbound at Smithville Rd.,0.01
A-506,505,434,Source2,Restrictions due to accident on I-75 Northbound at Exit 164 OH-613 State Route 613.,0.01
A-507,506,91,Source2,Accident on Ridgewood Rd at Miller Rd.,0.01
A-508,507,435,Source2,Accident on I-270 Outerbelt Eastbound at Exit 20 Sawmill Rd. Expect delays.,0.01
A-509,508,436,Source2,Accident on Philadelphia Dr at Harvard Blvd. Expect delays.,0.01
A-510,509,322,Source2,Accident on I-480 Eastbound at Exit 17 OH-17 Brookpark Rd. Expect delays.,0.01
A-511,510,361,Source2,Accident on Austin Blvd at I-75 Exit 41. Expect delays.,0.01
A-512,511,180,Source2,Accident on Smithville Rd at Radio Rd. Expect delays.,0.01
A-513,512,437,Source2,Accident on I-270 Outerbelt Northbound at Exit 20 Sawmill Rd. Expect delays.,0.01
A-514,513,198,Source2,Two lanes blocked due to accident on OH-161 New Albany Expy Westbound at Little Turtle Way. Expect delays.,0.01
A-515,514,438,Source2,Accident on Stewart St at Alberta St. Expect delays.,0.01
A-516,515,439,Source2,Accident on Wilkinson St at 2nd St.,0.0
A-517,516,5,Source2,Accident on McEwen Rd at OH-725 Miamisburg Centerville Rd. Expect delays.,0.01
A-518,517,440,Source2,Accident on OH-741 Springboro Pike at Northlawn Ave.,0.01
A-519,518,241,Source2,Accident on Shoup Mill Rd at Turner Rd.,0.01
A-520,519,441,Source2,Accident on Springfield St at Findlay St.,0.01
A-521,520,312,Source2,Right lane blocked due to accident on I-270 Outerbelt Southbound at Exits 46 46A 46B US-33.,0.01
A-522,521,442,Source2,Right lane blocked due to accident on I-75 Southbound at Exit 122 OH-65 Saint Johns Rd.,0.01
A-523,522,443,Source2,Accident on Philadelphia Dr at Folsom Dr. Expect delays.,0.01
A-524,523,443,Source2,Accident on Philadelphia Dr at Folsom Dr.,0.01
A-525,524,444,Source2,Accident on OH-235 State Route 235 at Center Point 70 Blvd. Expect delays.,0.01
A-526,525,445,Source2,Accident on Courtright Rd at Refugee Rd. Expect congestion.,0.0
A-527,526,446,Source2,Accident on OH-132 State Highway 132 at OH-125 Ohio Pike / OH-132 State Highway 132. Expect delays.,0.01
A-528,527,447,Source2,Accident on Batavia Pike at Bridlewood Ln. Expect delays.,0.01
A-529,528,35,Source2,Accident on OH-315 Olentangy Fwy Southbound at Lane Ave. Expect delays.,0.01
A-530,529,198,Source2,One lane blocked due to accident on OH-161 New Albany Expy at Little Turtle Way / Dublin Granville Rd.,0.01
A-531,530,448,Source2,Accident on Smithville Rd at Linden Ave.,0.01
A-532,531,449,Source2,Accident on I-270 Outerbelt Northbound at Exit 37 OH-317 Hamilton Rd.,0.01
A-533,532,450,Source2,Accident on I-71 Southbound at Exit 235 Bagley Rd.,0.01
A-534,533,451,Source2,Accident on Huffman Ave at Gondert Ave.,0.0
A-535,534,58,Source2,Accident on US-35 Eastbound at Smithville Rd. Expect delays.,0.01
A-536,535,452,Source2,Accident on OH-132 State Route 132 at Elmwood Rd. Expect delays.,0.01
A-537,536,453,Source2,Accident on Innovation Dr Northbound at OH-741 Springboro Pike. Expect delays.,0.0
A-538,537,454,Source2,Accident on Mad River Rd at OH-725 Miamisburg Centerville Rd.,0.01
A-539,538,455,Source2,Accident on Gettysburg Ave at Hillcrest Ave. Expect delays.,0.01
A-540,539,249,Source2,Accident on N Keowee St at Stanley Ave.,0.01
A-541,540,456,Source2,Restrictions due to accident on I-270 Outerbelt both ways at Exit 23 US-23 High St.,0.01
A-542,541,457,Source2,Accident on Ludlow St at Franklin St.,0.01
A-543,542,458,Source2,Accident on Neal Ave at Bellevue Ave.,0.0
A-544,543,459,Source2,Right lane blocked due to accident on OH-315 Olentangy Fwy Northbound near Cannon Dr.,0.01
A-545,544,460,Source2,Accident on Sawmill Rd Southbound at Summit View Rd.,0.01
A-546,545,461,Source2,Accident on Emerald Pkwy Northbound at Coffman Rd. Approach with care.,0.01
A-547,546,462,Source2,Right lane blocked due to accident on I-71 Northbound at Exit 115 Cooke Rd.,0.01
A-548,547,463,Source2,Left lane blocked due to accident on I-70 Eastbound at Exits 107 107A 107B OH-317 Hamilton Rd.,0.01
A-549,548,464,Source2,Accident on I-75 Southbound at Dixie Hwy. Expect delays.,0.01
A-550,549,465,Source2,Accident on Elm St at Central Ave.,0.0
A-551,550,466,Source2,Accident on High St at Como Ave. Expect delays.,0.01
A-552,551,123,Source2,One lane blocked due to accident on I-71 Southbound at Exit 113 Silver Dr. Expect delays.,0.01
A-553,552,467,Source2,Accident on Liberty Ln at Valley Forge Ct.,0.0
A-554,553,159,Source2,Accident on I-270 Outerbelt Northbound at Exits 17A 17B US-33 Columbus Marysville Rd. Expect delays.,0.01
A-555,554,468,Source2,Accident on OH-16 Westbound at OH-79. Expect delays.,0.01
A-556,555,469,Source2,Accident on Salem Ave at Detroit Ave.,0.01
A-557,556,470,Source2,Accident on Falmouth Ave at Siebenthaler Ave.,0.0
A-558,557,471,Source2,Entry ramp closed due to accident on OH-315 Olentangy Fwy Northbound at Olentangy River Rd.,0.01
A-559,558,287,Source2,Accident on Brown St at Stewart St.,0.01
A-560,559,472,Source2,Accident on 3rd St at Bank St. Expect delays.,0.01
A-561,560,473,Source2,Accident on Wyoming St at Brown St.,0.01
A-562,561,474,Source2,Accident on OH-48 Far Hills Ave at Whipp Rd.,0.01
A-563,562,475,Source2,Accident on Keowee St at Helena St.,0.01
A-564,563,257,Source2,Accident on US-35 Eastbound at Keowee St.,0.01
A-565,564,107,Source2,Accident on Bartley Rd at Dixie Dr.,0.0
A-566,565,476,Source2,Accident on OH-48 Main St at Nottingham Rd.,0.01
A-567,566,477,Source2,Lane blocked due to accident on I-70 Westbound at Exit 59 OH-41 Charleston Pike.,0.01
A-568,567,478,Source2,Accident on I-75 Northbound at Exit 50A Dryden Rd. Expect delays.,0.01
A-569,568,477,Source2,Two lanes blocked due to accident on I-70 Westbound at Exit 59 OH-41 Charleston Pike. Expect delays.,0.01
A-570,569,478,Source2,Accident on I-75 Southbound before Exit 50A Dryden Rd. Expect delays.,0.01
A-571,570,196,Source2,Accident on I-70 Westbound at Exits 112 112A 112B OH-256 Hill Rd. Expect delays.,0.01
A-572,571,479,Source2,Accident on Durwood Rd at Rahn Rd.,0.0
A-573,572,480,Source2,Accident on Ridge Ave at Glenwood Ave. Expect delays.,0.01
A-574,573,481,Source3,Two lanes blocked due to accident on I-75 Southbound at Exit 64 Northwoods Blvd. Expect delays.,0.01
A-575,574,482,Source2,Accident on Alkire Rd at Kunz Rd / Bausch Rd.,0.01
A-576,575,483,Source2,Accident on Springfield St Northbound at Harshman Rd. Expect delays.,0.01
A-577,576,404,Source2,Accident on OH-132 State Route 132 at OH-32 State Route 32. Expect delays.,0.01
A-578,577,484,Source2,Accident on I-270 Outerbelt Northbound at Exit 26 I-71.,0.01
A-579,578,402,Source2,Accident on I-70 Westbound at Exit 103B Alum Creek Dr. Expect delays.,0.01
A-580,579,485,Source2,Accident on Gettysburg Ave at Prescott Ave.,0.01
A-581,580,347,Source2,Accident on Riverside Dr at Ridge Ave.,0.01
A-582,581,486,Source2,Accident on Saint Joseph Ave at Wyoming St.,0.0
A-583,582,487,Source2,Accident on Austin Blvd at Springboro Pike.,0.01
A-584,583,488,Source2,Accident on Valleycrest Dr at Valley St.,0.0
A-585,584,102,Source2,Accident on OH-4 Keowee St at OH-4 Valley St.,0.01
A-586,585,489,Source2,Accident on I-71 Northbound at Exit 75 OH-38 State Route 38.,0.01
A-587,586,490,Source2,Lane blocked on exit ramp due to accident on I-270 Outerbelt Southbound at Exit 8 I-70.,0.01
A-588,587,491,Source2,Accident on Radio Rd at Wright Ave.,0.0
A-589,588,166,Source2,Accident on I-70 at Exit 97 US-40 Broad St.,0.01
A-590,589,323,Source2,Accident on I-75 Northbound at Exit 56 Stanley Ave.,0.01
A-591,590,492,Source2,Accident on Hazel St at Circle Dr.,0.0
A-592,591,493,Source2,Accident on Wayne Ave at Anderson St.,0.01
A-593,592,494,Source2,Accident on I-670 Westbound at Exits 4C 5 5A 5B I-71 Innerbelt.,0.01
A-594,593,361,Source2,Accident on I-75 Northbound at Exit 41 Austin Blvd.,0.01
A-595,594,495,Source2,Left lane blocked due to accident on OH-104 Frank Refugee Expy Eastbound at Alum Creek Dr.,0.01
A-596,595,496,Source2,Right lane blocked due to accident on I-75 Southbound at Exit 56 Stanley Ave.,0.01
A-597,596,497,Source2,Accident on US-23 High St Northbound at US-23 High St.,0.01
A-598,597,498,Source2,Delays due to accident and traffic signal failure on US-23 High St both ways at OH-665 Jackson St.,0.01
A-599,598,499,Source2,Accident on US-33 Long St at Neil Ave. Expect delays.,0.01
A-600,599,500,Source2,Left hand shoulder blocked due to accident on I-70 Eastbound at Exit 94 Wilson Rd.,0.01
A-601,600,193,Source2,Accident on OH-2 Eastbound at I-90. Expect delays.,0.01
A-602,601,501,Source2,Accident on I-80 Eastbound near Exit 118 US-250 US Highway 250. Expect delays.,0.01
A-603,602,502,Source2,Accident on Berea Fwy Northbound at Exits 238 239 I-480. Expect delays.,0.01
A-604,603,503,Source2,Accident on OH-201 Brandt Pike at Harshman Rd / Needmore Rd.,0.01
A-605,604,504,Source2,Accident on Siebenthaler Ave at Philadelphia Dr. Expect delays.,0.01
A-606,605,505,Source2,Accident on OH-48 Main St at McPherson St / White Allen Ave. Expect delays.,0.01
A-607,606,506,Source2,Accident on Alex Bell Rd at Portsmouth Way.,0.01
A-608,607,507,Source2,Accident on Otterbein Ave at Kipling Dr.,0.0
A-609,608,508,Source2,Accident on OH-202 Troy St at Chapel St.,0.01
A-610,609,509,Source2,Accident on Burlington Ave at 1st St.,0.0
A-611,610,510,Source2,Entry ramp closed due to accident on OH-315 Innerbelt Southbound at I-70.,0.01
A-612,610,511,Source2,Entry ramp closed due to accident on I-71 Northbound at Exit 106B I-70.,0.01
A-613,611,512,Source2,Accident on Edwin C Moses Blvd at River Rd.,0.01
A-614,612,513,Source2,Accident on OH-132 State Route 132 at Shiloh Rd. Expect delays.,0.01
A-615,613,514,Source2,Accident on Keowee St at Dixie Dr / Embury Park Rd. Expect delays.,0.01
A-616,614,515,Source2,Entry ramp closed due to accident on Princeton Ave in Franklinton.,0.0
A-617,615,516,Source2,Entry ramp closed due to accident on US-40 Broad St at I-70.,0.01
A-618,616,517,Source2,Accident on OH-725 Far Hills Ave at Elmwood Dr.,0.01
A-619,617,518,Source2,Accident on OH-252 Lorain Rd near Westview Dr.,0.01
A-620,618,132,Source2,Entry ramp closed due to accident on OH-104 Frank Rd Northbound at I-71.,0.01
A-621,619,519,Source2,Delays and left lane closed due to accident on I-71 Innerbelt Southbound at Exit 108B I-670.,0.01
A-622,620,520,Source2,Accident on OH-315 Olentangy Fwy Southbound at Cannon Dr.,0.01
A-623,621,521,Source2,Accident on I-670 Northeast Fwy Eastbound at Exit 9 International Gtwy. Approach with care.,0.01
A-624,622,522,Source2,Right lane blocked due to accident on I-270 Outerbelt Northbound at I-270 Outerbelt. Approach with care.,0.01
A-625,623,523,Source2,Accident on US-33 3rd St at Chapel St.,0.01
A-626,624,524,Source2,Right lane blocked due to accident on I-71 Southbound at Exit 112 Hudson St.,0.01
A-627,625,525,Source3,Right lane blocked due to accident on I-70 Westbound at Exits 91 91A 91B Hilliard Rome Rd.,0.01
A-628,626,526,Source3,L lane blocked due to accident on I-71 Southbound at Exit 113 Silver Dr.,0.01
A-629,627,527,Source2,Left lane closed due to accident on I-480 Westbound at Exit 20A-B I-77.,0.01
A-630,628,528,Source2,Right lane closed due to accident on I-77 I-76 before Exit 21A East Ave.,0.01
A-631,629,269,Source2,Lane blocked on exit ramp due to accident on I-270 Outerbelt Westbound at Exit 27 Cleveland Ave.,0.01
A-632,630,529,Source2,Accident on Nicholas Rd at Louella Ave.,0.01
A-633,631,342,Source2,Accident on OH-232 State Route 232 at OH-756 State Route 756. Expect delays.,0.0
A-634,632,530,Source2,Accident on OH-741 State Route 741 near School Driveway. Expect delays.,0.01
A-635,633,531,Source2,Accident on Nottingham Rd at Daleview Ave.,0.0
A-636,634,532,Source2,Accident on Livingston Ave at OH-317 Hamilton Rd. Expect delays.,0.01
A-637,635,533,Source2,Accident on Mason Morrow Millgrove Rd near Columbia Rd.,0.0
A-638,636,534,Source2,Accident on Watervliet Ave at Westfield Ave / Rosemont Blvd.,0.0
A-639,637,535,Source2,Accident on OH-235 State Route 235 at Herr Rd.,0.01
A-640,638,536,Source2,Accident on Wilmington Ave at Firwood Dr.,0.01
A-641,639,537,Source2,Accident on OH-48 Main St at Cedarlawn Dr.,0.01
A-642,640,538,Source2,Accident on Snouffer Rd at Sawmill Rd. Expect delays.,0.01
A-643,641,539,Source2,Accident on Old State Route 32 near Lori Lynn Dr. Expect delays.,0.01
A-644,642,540,Source2,Accident on 3rd St at Abbey Ave.,0.01
A-645,643,541,Source2,Accident on I-90 Westbound at Exits 145A 145B OH-57 Lorain Blvd. Expect delays.,0.01
A-646,644,542,Source2,Accident on Yankee St at Lyons Rd.,0.01
A-647,645,543,Source2,Accident on Frazee Ave at College Dr.,0.0
A-648,646,544,Source2,Accident on Bridge St at Oxford Ave.,0.01
A-649,647,545,Source2,Accident on Atchison Rd at Mallet Dr.,0.0
A-650,648,323,Source2,Accident on Stanley Ave at I-75.,0.01
A-651,649,546,Source2,Accident on OH-48 Main St at Northwood Ave.,0.01
A-652,650,316,Source2,Accident on I-75 Southbound at Exit 51 Edwin C Moses Blvd.,0.01
A-653,651,547,Source2,Accident on Smithville Rd at Wayne Ave.,0.01
A-654,652,548,Source2,Accident on I-75 Northbound at Exit 44 OH-725 Miamisburg Centerville Rd. Approach with care.,0.01
A-655,653,549,Source2,Left lane blocked due to accident on I-75 Northbound at Exit 44 OH-725 Miamisburg Centerville Rd.,0.01
A-656,654,550,Source2,Accident on I-70 Westbound at Exit 122 OH-158 Outville Rd. Expect delays.,0.01
A-657,655,551,Source2,Accident on Farr Dr at Stanley Ave.,0.0
A-658,656,552,Source2,Accident on OH-161 New Albany Expy Westbound at Sunbury Rd.,0.01
A-659,657,553,Source2,Accident on Steele Ave at Clover St.,0.0
A-660,658,448,Source2,Accident on Linden Ave at Smithville Rd.,0.01
A-661,659,418,Source2,Accident on Sullivant Ave at Hague Ave.,0.01
A-662,660,66,Source2,Left hand shoulder blocked due to accident on I-480 Westbound at Exit 20A-B I-77.,0.01
A-663,661,554,Source2,Accident on Philadelphia Dr at Garvin Rd.,0.01
A-664,662,555,Source2,Accident on Fairview Ave at Riverside Dr.,0.0
A-665,663,556,Source2,Accident on Wilmington Ave at Shadowlawn Ave.,0.01
A-666,664,316,Source2,Accident on I-75 Northbound at Exit 51 Edwin C Moses Blvd.,0.01
A-667,665,557,Source2,Accident on Riverside Dr at Shoup Mill Rd.,0.01
A-668,666,558,Source2,Accident on Maplelawn Dr at OH-48 Main St.,0.0
A-669,667,429,Source2,Accident on Patterson Blvd at OH-4 Monument Ave.,0.01
A-670,668,559,Source2,Accident on Needmore Rd at Northcutt Pl.,0.01
A-671,669,323,Source2,Accident on I-75 Northbound at Exit 56 Stanley Ave.,0.01
A-672,670,560,Source2,Accident on OH-16 Broad St at McNaughten Rd.,0.01
A-673,671,49,Source2,Accident on I-75 Northbound at Exits 54A 54B OH-4. Expect delays.,0.01
A-674,672,561,Source2,Accident on County Hwy-314 New Carlisle Pike at Bischoff Rd.,0.0
A-675,673,562,Source2,Accident on OH-48 Main St at Caldwell St / Media Center Way.,0.01
A-676,674,281,Source2,Accident on OH-161 New Albany Expy at I-270 Outerbelt. Expect delays.,0.01
A-677,675,563,Source2,Accident on Pleasant Hill Rd at Deblin Dr.,0.01
A-678,676,564,Source2,Accident on OH-256 Hill Rd Southbound at Turnberry Dr.,0.01
A-679,677,473,Source2,Accident on Brown St at Wyoming St.,0.01
A-680,678,565,Source2,Accident on US-33 Westbound at Bixby Rd.,0.01
A-681,679,566,Source2,Accident on I-270 Outerbelt Northbound at Exit 8 I-70. Expect delays.,0.01
A-682,680,567,Source2,Accident on I-270 Outerbelt Northbound at I-270 Outerbelt. Expect delays.,0.01
A-683,681,568,Source2,Accident on I-675 Northbound at OH-725 Miamisburg Centerville Rd / Leona Ln. Expect delays.,0.01
A-684,682,569,Source2,Accident on Grandview Ave at Goodale Blvd.,0.01
A-685,683,570,Source2,Accident on Wilmington Ave at Patterson Rd.,0.01
A-686,684,8,Source2,Accident on I-75 Southbound at Exit 54B Grand Ave. Expect delays.,0.01
A-687,685,571,Source2,Entry ramp closed due to accident on US-36 State Route 37 at I-71.,0.01
A-688,686,572,Source2,Entry ramp closed due to incident on I-480 Eastbound at Exit 7 Clague Rd.,0.01
A-689,687,573,Source2,Accident on Wagner Ford Rd at Needmore Rd / Wagoner Ford Rd.,0.01
A-690,688,257,Source2,Accident on US-35 at Keowee St / Wayne Ave.,0.01
A-691,689,574,Source2,Accident on US-50 Main St at OH-132 Broadway St / Broadway St. Expect delays.,0.01
A-692,690,575,Source2,Accident on Cromwell Pl at Bennington Dr.,0.0
A-693,691,576,Source2,Accident on Nutt Rd Southbound at Clyo Rd.,0.01
A-694,692,577,Source2,Accident on Clyo Rd at Washington Creek Ln.,0.01
A-695,693,362,Source2,Accident on Neil Ave at Vine St.,0.01
A-696,694,578,Source2,Accident on US-33 Livingston Ave at Champion Ave.,0.01
A-697,695,578,Source2,Accident on US-33 Livingston Ave at Champion Ave.,0.01
A-698,696,316,Source2,Accident on I-75 Northbound at Exit 51 Edwin C Moses Blvd.,0.01
A-699,697,579,Source2,Accident on Wayne Ave at Wyoming St.,0.01
A-700,698,580,Source2,Accident on Stewart St at OH-48 Main St.,0.01
A-701,699,542,Source2,Accident on Lyons Rd at Yankee St.,0.01
A-702,700,581,Source2,Accident on Victoria Ave at Colonial Village Ln.,0.0
A-703,701,582,Source2,Accident on Perrine St near Johnson St.,0.0
A-704,702,583,Source2,Accident on Kings Hwy at Gettysburg Ave.,0.0
A-705,702,573,Source2,Accident on Wagner Ford Rd at Needmore Rd.,0.01
A-706,703,584,Source2,Accident on Weaver St at Dennison Ave.,0.0
A-707,704,585,Source2,Accident on Philadelphia Dr at Hillcrest Ave.,0.01
A-708,705,586,Source2,Accident on Hornwood Dr at Philadelphia Dr.,0.0
A-709,706,587,Source2,Left lane blocked due to accident on I-71 Southbound at Exit 104 OH-104 Frank Rd.,0.01
A-710,707,588,Source2,Right lane blocked due to accident on I-71 Innerbelt Northbound at Exit 108B I-670.,0.01
A-711,708,451,Source2,Accident on Huffman Ave at Gondert Ave.,0.0
A-712,709,589,Source2,Accident on Rosemont Blvd at Woodbine Ave.,0.0
A-713,710,333,Source2,Accident on OH-48 Dayton Lebanon Pike at Nutt Rd / Hibberd Dr.,0.01
A-714,711,111,Source2,Accident on Edwin C Moses Blvd at Stewart St.,0.01
A-715,712,590,Source2,Accident on Cornell Dr at Wesleyan Rd.,0.01
A-716,713,591,Source2,Accident on Washington Village Dr at Woodgrove Dr.,0.0
A-717,714,592,Source2,Accident on Firwood Dr at Irving Ave.,0.0
A-718,715,593,Source2,Accident on Gettysburg Ave at James H McGee Blvd.,0.01
A-719,716,593,Source2,Accident on Gettysburg Ave at James H McGee Blvd.,0.01
A-720,717,594,Source2,Entry ramp closed due to emergency repairs on I-71 Northbound at Exit 131 US-36 State Route 37. Detour in operation.,0.01
A-721,718,595,Source2,Accident on OH-741 Springboro Pike at Carnation Rd.,0.01
A-722,719,596,Source2,Accident on Cobblegate Blvd at OH-741 Springboro Pike.,0.0
A-723,720,117,Source2,Accident on Edwin C Moses Blvd at Washington St.,0.01
A-724,721,473,Source2,Accident on Brown St at Wyoming St.,0.01
A-725,722,542,Source2,Accident on Lyons Rd at Yankee St.,0.01
A-726,723,597,Source2,Right lane blocked due to accident on I-71 Southbound at Exits 119 119A 119B I-270 Outerbelt.,0.01
A-727,724,598,Source2,Right lane blocked due to accident on I-77 Northbound at Exit 136 OH-21.,0.01
A-728,725,599,Source2,Accident on US-42 US Highway 42 at US-42 US Highway 42.,0.01
A-729,726,600,Source2,Right hand shoulder blocked due to accident on I-80 Westbound at Magazine St.,0.0
A-730,727,601,Source2,Accident on I-880 Northbound at Exit 26 Tennyson Rd.,0.0
A-731,728,602,Source2,Right lane blocked due to accident on CA-24 Westbound at I-680.,0.0
A-732,729,603,Source2,#4 &amp; HOV lane blocked due to accident on I-280 Northbound before Exit 11 De Anza Blvd.,0.0
A-733,730,604,Source2,Right hand shoulder blocked due to accident on CA-85 Northbound at Exit 8 Camden Ave.,0.0
A-734,731,605,Source2,Accident on I-580 Westbound near I-580 Exit 45 / Dougherty Rd.,0.0
A-735,732,606,Source2,#1 lane blocked due to accident on I-280 Southbound at 10th St.,0.0
A-736,733,607,Source2,Accident on I-280 Northbound at Geneva Ave.,0.0
A-737,734,608,Source2,Right hand shoulder blocked due to accident on CA-24 Westbound near Wilder Rd.,0.0
A-738,735,609,Source2,Left lane blocked due to accident on I-580 Westbound at Exit 51 Isabel Ave.,0.0
A-739,736,610,Source2,Right hand shoulder blocked due to accident on US-101 Northbound at Exit 481A Sierra Ave.,0.0
A-740,737,611,Source2,Accident on CA-4 Westbound at CA-242.,0.0
A-741,738,612,Source2,#4 &amp; #5 lane blocked due to accident on I-580 Westbound at County Hwy-J2 Livermore Ave.,0.0
A-742,739,613,Source2,#1 lane blocked due to accident on US-101 Northbound before Fair Oaks Ave.,0.0
A-743,740,614,Source2,#2 lane blocked due to accident on I-580 Westbound at Exit 47 / Tassajara Rd.,0.0
A-744,741,615,Source2,#1 lane blocked due to accident on Power Inn Rd Northbound at Gerber Rd.,0.0
A-745,742,616,Source2,Multi-vehicle accident on I-80 Westbound at Exit 98 County Hwy-E14 Greenback Ln. On the median.,0.0
A-746,743,617,Source2,Accident on US-101 Northbound at Exit 394 / County Hwy-G2 Lawrence Expy.,0.0
A-747,744,618,Source2,Accident a school bus involved on 37th Ave near International Blvd.,0.0
A-748,745,619,Source2,Right hand shoulder blocked due to accident on CA-237 Westbound near Exit 6 Great America Pkwy.,0.0
A-749,746,620,Source2,#2 lane blocked due to accident on I-880 Southbound at Exit 5 / Brokaw Rd.,0.0
A-750,747,621,Source2,Accident on I-580 Westbound at Exit 48 / El Charro Rd.,0.0
A-751,748,622,Source2,Accident on US-101 Northbound at Exit 366 Dunne Ave.,0.0
A-752,749,623,Source2,Right hand shoulder blocked due to accident on US-101 Northbound at Exit 479 Railroad Ave.,0.0
A-753,750,624,Source2,Accident on I-680 Northbound at Toll Plaza.,0.0
A-754,751,625,Source2,Right hand shoulder blocked due to accident on US-101 Southbound after Exit 472A Kastania Rd.,0.0
A-755,752,626,Source2,#2 lane blocked due to accident on US-101 Northbound at Exit 422 McDonnell Rd.,0.0
A-756,753,627,Source2,Accident on I-80 Bus Capital City Fwy Westbound at CA-51.,0.0
A-757,754,628,Source2,Accident on I-880 Southbound at I-880 Exit 29 / A St.,0.0
A-758,755,612,Source2,Accident on I-580 Westbound at County Hwy-J2 Livermore Ave.,0.0
A-759,756,629,Source2,Accident on US-101 Northbound after Windsor River Rd.,0.0
A-760,757,630,Source2,Accident on I-680 Northbound at Exits 42A 42B Stone Valley Rd.,0.0
A-761,758,631,Source2,Accident on US-101 Northbound before Exit 365 Tennant Ave.,0.0
A-762,759,632,Source2,Accident on US-101 Northbound at Exit 362 San Martin Ave.,0.0
A-763,760,633,Source2,Accident on US-101 Northbound before US-101 Exit 503 / Healdsburg Ave.,0.0
A-764,761,634,Source2,#1 lane blocked due to accident on US-101 Northbound near Exit 429A Harney Way.,0.0
A-765,762,635,Source2,Right hand shoulder blocked due to accident on US-101 Northbound at US-101 Exit 402 / Embarcadero Rd.,0.0
A-766,763,636,Source2,#1 lane blocked due to accident on US-101 Southbound at Silver Ave.,0.0
A-767,764,637,Source2,Slow lane blocked due to accident on US-101 Southbound at Exit 432 / Cesar Chavez.,0.0
A-768,765,638,Source2,#1 lane blocked due to accident on I-880 Southbound before Dixon Landing Rd.,0.0
A-769,766,639,Source2,Right hand shoulder blocked due to accident on I-880 Southbound at Exit 7 / County Hwy-G4 Montague Expy.,0.0
A-770,767,640,Source2,Accident on I-80 Eastbound at Exit 78 Chiles Rd.,0.0
A-771,768,641,Source2,Accident on I-80 Westbound at Exits 8A 8B I-880.,0.0
A-772,769,642,Source2,Accident on I-580 Westbound at Exit 22B Beaumont Ave.,0.0
A-773,770,643,Source2,Accident on I-880 Southbound at I-280.,0.0
A-774,771,644,Source2,Accident on CA-99 Southbound at CA-99 Exit 283 / Eschinger Rd. On exit ramp.,0.0
A-775,772,645,Source2,Very slow traffic and shoulder blocked on exit ramp due to accident on I-80 Eastbound at I-80 Exit 75 / Mace Blvd.,0.0
A-776,773,646,Source2,Accident on Marconi Ave near Fulton Ave.,0.0
A-777,774,647,Source2,Accident on CA-92 San Mateo Rd Westbound at Pilarcitos Creek Rd.,0.0
A-778,775,648,Source2,Accident on US-101 Southbound at Exits 404A 404B CA-114 Willow Rd.,0.0
A-779,776,649,Source2,Slow traffic due to accident on Calvine Rd both ways at Elk Grove Florin Rd.,0.0
A-780,777,650,Source2,Accident on I-580 Westbound at Exit 63 Grant Line Rd.,0.0
A-781,778,651,Source2,Accident on Coyle Ave Westbound near St Charles Dr.,0.0
A-782,779,652,Source2,Accident on I-880 Southbound at Exit 40 16th Ave.,0.0
A-783,780,653,Source2,Accident on Auburn Folsom Rd Southbound near Moss Ln.,0.0
A-784,781,654,Source2,Accident on I-880 Southbound at Exit 24 Whipple Rd.,0.0
A-785,782,655,Source2,Very slow traffic due to accident on I-80 Eastbound near Exit 73 Olive Dr.,0.0
A-786,783,656,Source2,Accident on Concord Ave at Contra Costa Blvd.,0.0
A-787,784,657,Source2,Accident on US-101 Southbound at Exits 385A 385B I-680.,0.0
A-788,785,658,Source2,Accident on US-101 Northbound at Exit 414B CA-92.,0.0
A-789,786,659,Source2,Accident on I-280 Northbound at Exit 53 Alemany Blvd.,0.0
A-790,787,660,Source2,Accident on CA-24 Westbound at Exit 6 Caldecott Ln.,0.0
A-791,788,661,Source2,Accident on CA-242 Southbound at Exit 2 Grant St.,0.0
A-792,789,662,Source2,Slow traffic due to accident on White Rock Rd Eastbound at County Hwy-E2 Sunrise Blvd.,0.0
A-793,790,663,Source2,Accident on CA-49 at Tyler Foote Rd.,0.0
A-794,791,664,Source2,Accident on Gerber Rd at Reese Rd.,0.0
A-795,792,665,Source2,Accident on US-101 Southbound at Exit 403 Donohoe St.,0.0
A-796,793,666,Source2,Accident on I-80 Westbound at Exit 59 Meridian Rd.,0.0
A-797,794,667,Source2,Slow traffic due to accident on Douglas Blvd Southbound near Eureka Rd.,0.0
A-798,795,668,Source2,Accident on Isleton Rd at Andrus Island Rd.,0.0
A-799,796,669,Source2,Queueing traffic due to accident on I-5 Southbound at Exit 528 Airport Blvd.,0.0
A-800,797,670,Source2,Accident on US-50 Westbound at Exit 13 Bradshaw Rd.,0.0
A-801,798,671,Source2,Lane blocked on exit ramp due to accident on CA-65 Northbound at Exit 313 Twelve Bridges Dr.,0.0
A-802,799,672,Source2,Lane closed on exit ramp due to accident on I-5 Northbound at Exits 518 519A CA-99 CA-16.,0.0
A-803,800,673,Source2,Accident on Pleasant Valley Rd at Hinman Aly.,0.0
A-804,801,674,Source2,Accident on US-101 Northbound at Exits 449 449A Tamalpais Dr.,0.0
A-805,802,675,Source2,Accident on I-880 Southbound at Exit 31B Washington Ave.,0.0
A-806,803,676,Source2,Accident on I-680 Northbound at Exit 36 Crow Canyon Rd.,0.0
A-807,804,677,Source2,Accident on CA-17 Southbound at Exits 21 22 Lark Ave.,0.0
A-808,805,678,Source2,Lane blocked due to accident on I-580 Eastbound at Exit 45 Hopyard Rd.,0.0
A-809,806,679,Source2,Accident on US-101 Golden Gate Brg Southbound at Exit 439 Transit Transfer Facility.,0.0
A-810,807,680,Source2,Accident on I-580 Eastbound at Exit 36 Redwood Rd.,0.0
A-811,808,681,Source2,Two lanes blocked due to accident on I-205 Westbound at I-5.,0.0
A-812,809,682,Source2,Accident on I-580 Eastbound at Exit 51 Isabel Ave.,0.0
A-813,810,683,Source2,Right hand shoulder blocked due to accident on I-5 Northbound at Exit 471 Charter Way.,0.0
A-814,811,684,Source2,Lane blocked due to accident on US-101 Main St Northbound at Mendocino Ave.,0.0
A-815,812,685,Source2,Accident on US-50 Eastbound at Exit 7 Stockton Blvd.,0.0
A-816,813,686,Source2,Accident on I-80 Eastbound at Exits 103 103A 103B Sunrise Ave.,0.0
A-817,814,686,Source2,Accident on I-80 Eastbound at Exits 103 103A 103B Sunrise Ave.,0.0
A-818,815,687,Source2,Accident on County Hwy-E3 Sierra College Blvd at Douglas Blvd.,0.0
A-819,816,688,Source2,Accident on US-101 Northbound at Exit 492 Mendocino Ave.,0.0
A-820,817,689,Source2,Accident on I-280 Southbound at Exit 16 El Monte Rd.,0.0
A-821,818,690,Source2,Accident on I-280 Northbound at Exits 4 5A Parkmoor Ave.,0.0
A-822,819,691,Source2,Accident on Martin Dr Eastbound at Ellison Ln.,0.0
A-823,820,692,Source2,Accident on I-80 Eastbound at Exit 69 Kidwell Rd.,0.0
A-824,821,693,Source2,Accident on CA-99 El Centro Blvd Southbound at Exit 309 Elverta Rd.,0.0
A-825,822,694,Source2,Two lanes blocked due to accident on I-580 Westbound at Exits 34 35 I-238. On the median.,0.0
A-826,823,695,Source2,Single alternate line traffic due to serious accident on CA-49 Southbound at Broad St.,0.0
A-827,824,696,Source2,Accident on CA-20 at Foothill Dr.,0.0
A-828,825,697,Source2,Lane blocked due to accident on I-880 Southbound at Exit 40 16th Ave.,0.0
A-829,826,698,Source2,Right hand shoulder blocked due to accident on CA-4 Eastbound at Exit 29 Hillcrest Ave.,0.0
A-830,827,699,Source2,Lane blocked due to accident on Howell Mountain Rd both ways at Falls Rd.,0.0
A-831,828,700,Source2,Right hand shoulder blocked due to accident on I-680 Northbound at Exit 48 Sunnyvale Ave.,0.0
A-832,829,701,Source2,Right lane blocked due to accident and vehicles spun around on I-680 Northbound at Exits 1B 1C Jackson Ave.,0.0
A-833,830,702,Source2,Right hand shoulder blocked due to accident on CA-87 Guadalupe Fwy Southbound at County Hwy-G8 Almaden Expy.,0.0
A-834,831,703,Source2,One lane blocked due to accident on I-80 Eastbound at Exit 4A Treasure Is.,0.0
A-835,832,704,Source2,Accident on Princeton St both ways at Bianca Ln.,0.0
A-836,833,705,Source2,Accident on I-880 Southbound at Exit 19 CA-84 Thornton Ave.,0.0
A-837,834,706,Source2,Right hand shoulder blocked due to accident on US-101 Redwood Hwy Southbound at US-101 Redwood Hwy.,0.0
A-838,835,707,Source2,Shoulder blocked on exit ramp due to accident on US-101 Northbound at Exits 419A 419B Bayshore Hwy.,0.0
A-839,836,708,Source2,Right hand shoulder blocked due to accident on I-5 Southbound at Exits 521 521A Garden Hwy.,0.0
A-840,837,709,Source2,#6 lane blocked and right hand shoulder blocked due to accident on I-680 Southbound after Exit 20 Andrade Rd.,0.0
A-841,838,710,Source2,Fuel spillage on Greenstone Rd at Studebaker Rd.,0.0
A-842,839,711,Source2,Right hand shoulder blocked due to accident on I-80 Westbound near Exits 43 44A Abernathy Rd.,0.0
A-843,840,712,Source2,Accident on Graham Hill Rd at Lockewood Ln.,0.0
A-844,841,713,Source2,Left lane blocked due to accident on I-580 Eastbound after Exit 55 Vasco Rd.,0.0
A-845,842,714,Source2,One lane blocked due to accident on CA-26 at Wimer Rd.,0.0
A-846,843,715,Source2,Accident on Cabrillo Ave at County Hwy-G2 Lawrence Expy.,0.0
A-847,844,716,Source2,#2 &amp; #3 lane blocked due to accident on I-80 Westbound at I-80 Exit 20 / Richmond Pkwy.,0.0
A-848,845,717,Source2,Middle lane blocked due to accident on I-80 Westbound before Exit 22 Pinole Valley Rd.,0.0
A-849,846,718,Source2,Right hand shoulder blocked due to accident on CA-84 Woodside Rd Northbound before Exit 408 / CA-84 Woodside Rd.,0.0
A-850,847,719,Source2,Accident on US-50 Eastbound at Exit 15 Mather Field Rd.,0.0
A-851,848,720,Source2,Right hand shoulder blocked due to accident on I-880 Southbound at Exit 23 Alvarado Niles Rd.,0.0
A-852,849,611,Source2,Accident on CA-4 Eastbound near CA-242.,0.0
A-853,850,721,Source2,Accident on I-580 Westbound near I-680.,0.0
A-854,851,722,Source2,#1 &amp; #2 lane blocked due to accident on I-80 Westbound at Greenback Ln.,0.0
A-855,852,723,Source2,Slow lane blocked due to accident on CA-92 Half Moon Bay Rd Eastbound at Canada Rd.,0.0
A-856,853,724,Source2,Accident on Blanco Rd at Davis Rd.,0.0
A-857,854,725,Source2,Accident on I-880 Northbound at Broadway.,0.0
A-858,855,726,Source2,Right hand shoulder blocked due to accident on I-5 Northbound at Exit 515 Seamas Ave.,0.0
A-859,856,727,Source2,Right hand shoulder blocked due to accident on US-101 Redwood Hwy Southbound at Ignacio Blvd.,0.0
A-860,857,728,Source2,Slow lane blocked due to accident on CA-37 Sears Point Rd Westbound at CA-121 Arnold Dr.,0.0
A-861,858,729,Source2,Middle lane blocked due to accident on I-80 Westbound at Exit 14B Carlson Blvd.,0.0
A-862,859,730,Source2,Gore point obstructed due to accident on CA-24 Westbound after Exit 7A / Fish Ranch Rd.,0.0
A-863,860,731,Source2,Accident on Old San Jose Rd at Oneill Ln.,0.0
A-864,861,732,Source2,Accident on Lighthouse Ave at Reeside Ave.,0.0
A-865,862,733,Source2,Right hand shoulder blocked due to accident on I-580 Westbound after Airway Blvd.,0.0
A-866,863,734,Source2,Accident on Blanco Rd at Hitchcock Rd.,0.0
A-867,864,735,Source2,Accident on I-80 Eastbound near Georgia St.,0.0
A-868,865,736,Source2,Right hand shoulder blocked and slow lane blocked due to accident on I-680 Southbound before Mission Blvd.,0.0
A-869,866,737,Source2,#3 &amp; #4 lane blocked due to accident on I-680 Southbound before Exit 8 / CA-237.,0.0
A-870,867,738,Source2,Accident and spillage on I-680 Southbound after CA-84 Calaveras Rd.,0.0
A-871,868,739,Source2,Right hand shoulder blocked due to accident on I-80 Westbound near Exit 24 Willow Ave.,0.0
A-872,869,740,Source2,Right hand shoulder blocked due to accident on I-880 Northbound at Exit 36 / Hegenberger Rd / Edes Ave.,0.0
A-873,870,741,Source2,Right hand shoulder blocked due to accident on I-680 Southbound before Exit 56 / Marina Vista Ave.,0.0
A-874,871,742,Source2,Accident on I-680 Southbound at Exit 22 Koopman Rd.,0.0
A-875,872,743,Source2,Accident on CA-1 Southbound at Fremont Blvd.,0.0
A-876,873,744,Source2,HOV lane blocked due to accident on US-101 Northbound before Exit 383 Tully Rd.,0.0
A-877,874,745,Source2,Accident on CA-99 Northbound at Exits 294A 294B 47th Ave.,0.0
A-878,875,746,Source2,Accident on I-80 Eastbound at Exits 94A 94B Watt Ave.,0.0
A-879,876,747,Source2,Accident on US-50 Westbound at Exit 11 Watt Ave.,0.0
A-880,877,748,Source2,Right hand shoulder blocked due to accident on I-580 Westbound at Exit 63 Grant Line Rd.,0.0
A-881,878,717,Source2,Accident on I-80 Westbound at Exit 22 Pinole Valley Rd.,0.0
A-882,879,749,Source2,Right hand shoulder blocked due to accident on CA-85 Southbound at Exits 19A 19B / Homestead Rd.,0.0
A-883,880,750,Source2,Right hand shoulder blocked due to accident on CA-85 Northbound after Exit 14 Saratoga Ave.,0.0
A-884,881,751,Source2,Accident on East Pkwy at Florin Rd.,0.0
A-885,882,752,Source2,Accident on Waterman Rd at Elk Grove Blvd.,0.0
A-886,883,753,Source2,Right hand shoulder blocked due to accident on I-680 Southbound at CA-24.,0.0
A-887,884,754,Source2,Accident on Carlton Ave near Fremont St.,0.0
A-888,885,739,Source2,Accident on I-80 Westbound at Exit 24 Willow Ave.,0.0
A-889,886,755,Source2,Right hand shoulder blocked due to accident on I-238 Northbound at I-880.,0.0
A-890,887,603,Source2,#1 lane blocked due to accident on I-280 Northbound at Exit 11 De Anza Blvd.,0.0
A-891,888,756,Source2,Accident on County Hwy-G4 Montague Expy Eastbound near US-101.,0.0
A-892,889,757,Source2,#2 &amp; #3 lane blocked due to accident on US-101 Southbound at Harney Way.,0.0
A-893,890,758,Source2,Accident on I-80 Eastbound at Exit 36 American Canyon Rd.,0.0
A-894,891,759,Source2,#1 &amp; #2 lane blocked due to accident on I-880 Southbound at I-880 Exit 41A / Oak St.,0.0
A-895,892,750,Source2,Shoulder blocked due to accident on CA-85 Northbound at Exit 14 Saratoga Ave.,0.0
A-896,893,760,Source2,Accident on I-280 Southbound at Exit 55 Pennsylvania Ave.,0.0
A-897,894,761,Source2,Accident on I-880 Southbound at Exit 41A Oak St.,0.0
A-898,895,762,Source2,Accident on CA-24 Eastbound at Exit 9 Camino Pablo.,0.0
A-899,896,763,Source2,Accident on Stockton Blvd at Massie Cir.,0.0
A-900,897,764,Source2,Accident on US-101 Southbound at Exit 414B CA-92.,0.0
A-901,898,765,Source2,Accident on Hurley Way at Oak Terrace Ct.,0.0
A-902,899,766,Source2,Accident on I-880 Northbound at Exit 37 66th Ave.,0.0
A-903,900,767,Source2,Accident on Blum Rd at CA-4.,0.0
A-904,901,768,Source2,Right hand shoulder blocked due to accident on I-80 Westbound near Exit 89 Northgate Blvd.,0.0
A-905,902,769,Source2,Shoulder blocked on entry ramp due to accident on I-80 Bus Capital City Fwy Northbound at Fulton Ave.,0.0
A-906,903,770,Source2,Accident on I-880 Southbound at Exit 21 CA-84.,0.0
A-907,904,771,Source2,Right hand shoulder blocked due to accident on CA-99 Northbound at Exit 281 Dillard Rd.,0.0
A-908,905,772,Source2,Right hand shoulder blocked due to accident on I-5 Northbound near Exit 516 Sutterville Rd.,0.0
A-909,906,773,Source2,Accident on Willow Pass Rd at Port Chicago Hwy.,0.0
A-910,907,774,Source2,Accident on CA-49 Golden Center Fwy Southbound at McKnight Way.,0.0
A-911,908,775,Source2,Accident on Soquel Dr between CA-1 and Hospital Dr.,0.0
A-912,909,776,Source2,Accident on CA-238 Mission Blvd Southbound at I-680.,0.0
A-913,910,777,Source2,Accident on CA-12 at Thornton Rd.,0.0
A-914,911,778,Source2,Accident on CA-116 Arnold Dr at CA-121 Arnold Dr.,0.0
A-915,912,779,Source2,One lane blocked due to accident on Walerga Rd at Oakhollow Dr.,0.0
A-916,913,780,Source2,Accident on I-80 Westbound at Exits 2B 2C Harrison St.,0.0
A-917,914,781,Source2,Accident on I-880 Northbound at Exit 3 Airport Blvd.,0.0
A-918,915,782,Source2,Accident on CA-49 Grass Valley Hwy near Masters Ct.,0.0
A-919,916,783,Source2,Accident on CA-65 Southbound at Exits 306A 306B I-80.,0.0
A-920,917,784,Source2,Accident on Lake Vera Purdon Rd near Marigold Way.,0.0
A-921,918,785,Source2,Lane blocked due to accident on I-680 Northbound at Exit 6 County Hwy-G4 Montague Expy.,0.0
A-922,919,786,Source2,Accident on Hillsdale Blvd at Diablo Dr.,0.0
A-923,920,787,Source2,Accident on Auburn Blvd near Palm Ave.,0.0
A-924,921,788,Source2,Accident on County Hwy-E14 Greenback Ln at Illinois Ave.,0.0
A-925,922,789,Source2,Accident on Alta Sierra Dr at Meyer Way.,0.0
A-926,923,790,Source2,Right hand shoulder blocked due to accident on I-80 Eastbound at Exit 75 Chiles Rd.,0.0
A-927,924,791,Source2,Accident on Fremont Blvd Northbound at Decoto Rd.,0.0
A-928,925,792,Source2,Right hand shoulder blocked due to accident on I-80 Westbound at Exit 123 Bell Rd.,0.0
A-929,926,793,Source2,Accident on CA-49 Grass Valley Hwy Northbound at Hulbert Way.,0.0
A-930,927,794,Source2,Accident on I-280 Eastbound at Exits 4 5A Parkmoor Ave.,0.0
A-931,928,795,Source2,Lane blocked due to accident on I-280 Southbound at Exits 4 5A Parkmoor Ave.,0.0
A-932,929,796,Source2,Accident on I-80 I-580 Westbound at Exit 19A I-80 I-580.,0.0
A-933,930,797,Source2,Accident on I-380 Eastbound at Exit 6A US-101.,0.0
A-934,931,798,Source2,Accident on I-580 Eastbound at Exit 37 Castro Valley Blvd.,0.0
A-935,932,799,Source2,Accident on I-680 Southbound at Exits 42A 42B Stone Valley Rd.,0.0
A-936,933,800,Source2,Right hand shoulder blocked due to accident on CA-99 Northbound at Exit 284 County Hwy-E2 Grant Line Rd.,0.0
A-937,934,801,Source2,Accident on I-80 Westbound at Exit 91 Raley Blvd.,0.0
A-938,935,802,Source2,Accident on I-80 Eastbound at Exits 70 71 Old Davis Rd. On the median.,0.0
A-939,936,803,Source2,One lane blocked due to accident on I-80 Bus Capital City Fwy Eastbound at Exits 6A 6B 6C 298B US-50.,0.0
A-940,937,804,Source2,Right hand shoulder blocked due to accident on I-5 Southbound at Exits 518 519A CA-99 CA-16.,0.0
A-941,938,805,Source2,Accident on Bell Rd at Quartz Dr.,0.0
A-942,939,806,Source2,One lane blocked due to accident on I-80 Eastbound at Exit 85 El Camino Ave.,0.0
A-943,940,807,Source2,Accident on I-5 Northbound at Exit 460 CA-120. On the median.,0.0
A-944,941,808,Source2,Accident on I-5 Northbound at Exit 465 Roth Rd.,0.0
A-945,942,809,Source2,One lane blocked due to accident on I-80 Eastbound at Exit 90 Norwood Ave.,0.0
A-946,943,810,Source2,Accident on Coach Ln at Cameron Park Dr.,0.0
A-947,944,811,Source2,Accident on CA-132 Vernalis Rd near Koster Rd.,0.0
A-948,945,812,Source2,Accident on I-280 Eastbound at Exit 6 Winchester Blvd.,0.0
A-949,946,813,Source2,Accident on I-80 Eastbound at Exit 106 CA-65.,0.0
A-950,947,814,Source2,Accident on CA-49 Golden Center Fwy Northbound at Exit 183 / Brunswick Rd.,0.0
A-951,948,815,Source2,Accident on Watt Ave near Winona Way.,0.0
A-952,949,816,Source2,Accident on I-380 Eastbound at Exit 5 CA-82 El Camino Real.,0.0
A-953,950,817,Source2,Accident on I-880 Northbound at Exit 22 Fremont Blvd.,0.0
A-954,951,818,Source2,Accident on Ardendale Ln at Watt Ave.,0.0
A-955,952,819,Source2,Accident on CA-121 Arnold Dr Northbound at CA-121 Fremont Dr.,0.0
A-956,953,820,Source2,Multi-vehicle accident on I-80 Eastbound at Exits 2B 2C Harrison St.,0.0
A-957,954,821,Source2,Accident on CA-99 Southbound at Exit 225B Tuolumne Blvd.,0.0
A-958,955,822,Source2,Accident on Feldspar Ln at Gold Hill Rd.,0.0
A-959,956,823,Source2,Right hand shoulder blocked due to accident now on the shoulder on I-80 Westbound in Fairfield.,0.0
A-960,957,824,Source2,Queueing traffic and right hand shoulder blocked due to serious multi-vehicle accident and accident now on the shoulder on I-280 Southbound at Exit 2A 4th St. On the median.,0.0
A-961,958,825,Source2,Accident on Banta Rd at Brichetto Rd.,0.0
A-962,959,826,Source2,Queueing traffic and Slow lane blocked due to accident on US-101 Southbound at Exits 391A 391B Trimble Rd.,0.0
A-963,960,827,Source2,Lane blocked due to accident on I-280 Southbound at Exit 20 County Hwy-G3 Page Mill Rd.,0.0
A-964,961,828,Source2,Lane blocked due to accident on Santa Maria Ave both ways at Mabel Ave.,0.0
A-965,962,829,Source2,Lane blocked due to accident on I-880 Southbound at Exits 1A 1B 1C Stevens Creek Blvd.,0.0
A-966,963,830,Source2,Lane blocked due to accident on I-680 Northbound at Exit 29 Stoneridge Dr.,0.0
A-967,964,831,Source2,Lane blocked due to accident and vehicles spun around on I-680 Northbound at Exit 26 Bernal Ave.,0.0
A-968,965,832,Source2,Right hand shoulder blocked due to accident on I-580 Eastbound at Exits 29 29A Golf Links Rd.,0.0
A-969,966,833,Source2,Right hand shoulder blocked due to accident on I-80 Westbound at Scales.,0.0
A-970,967,834,Source2,Lane blocked due to accident on US-101 Southbound before Exits 433 433B 433C San Francisco-Oakland Bay Bridge.,0.0
A-971,968,835,Source2,Lane blocked due to accident on Catalina Dr both ways at Kenmore Ct.,0.0
A-972,969,836,Source2,Right hand shoulder blocked due to accident on I-80 I-580 Eastbound at Exit 12 I-580.,0.0
A-973,970,837,Source2,#1 &amp; #2 lane blocked due to accident on US-101 Southbound at Exit 432 Cesar Chavez.,0.0
A-974,971,838,Source2,Right hand shoulder blocked due to accident on CA-120 Eastbound at Exit 1B I-5.,0.0
A-975,972,839,Source2,Accident on CA-65 Northbound at Exit 314 Lincoln Blvd. On the median.,0.0
A-976,973,840,Source2,Accident on CA-99 Southbound at Exit 246 County Hwy-J9 French Camp Rd.,0.0
A-977,974,841,Source2,Right hand shoulder blocked due to accident on I-280 Northbound between Exits 34 35 / CA-35 Skyline Blvd and Exit 36 / Golf Course Dr.,0.0
A-978,975,842,Source2,Right hand shoulder blocked due to accident on I-880 Northbound after Bascom Ave.,0.0
A-979,976,843,Source2,Right hand shoulder blocked due to accident on CA-25 Southbound after Bolsa Rd.,0.0
A-980,977,844,Source2,Accident on Garfield Ave at Madison Ave.,0.0
A-981,978,845,Source2,#1 lane blocked due to accident on I-80 Westbound near Exit 41 / Suisun Valley Rd.,0.0
A-982,979,846,Source2,Accident on I-680 Southbound at King Rd.,0.0
A-983,980,847,Source2,Accident on I-5 Southbound at Exit 460 CA-120.,0.0
A-984,981,848,Source2,Accident on County Hwy-E3 Sierra College Blvd at Old Auburn Rd.,0.0
A-985,982,849,Source2,Right hand shoulder blocked due to accident on US-101 Southbound before Exit 474 / Washington St.,0.0
A-986,983,850,Source2,Right hand shoulder blocked due to accident on I-80 Westbound before Exit 96 Madison Ave.,0.0
A-987,984,851,Source2,Accident on Sexton Rd near Arthur Rd.,0.0
A-988,985,852,Source2,Right hand shoulder blocked due to accident on I-280 Southbound before I-280 Exit 52 / San Jose Ave.,0.0
A-989,986,853,Source2,Right hand shoulder blocked due to accident on I-280 Northbound at Exits 4 5A / Parkmoor Ave.,0.0
A-990,987,854,Source2,Middle lane blocked due to accident on I-280 Northbound before 11th St.,0.0
A-991,988,855,Source2,Lane blocked due to accident on Byron Hwy at Kellogg Creek Rd.,0.0
A-992,989,856,Source2,Accident on Boyington Rd at I-80.,0.0
A-993,990,857,Source2,Accident on Bancroft Rd Eastbound at Minert Rd.,0.0
A-994,991,858,Source2,Right hand shoulder blocked due to accident on I-680 Southbound at Exit 26 Bernal Ave.,0.0
A-995,992,859,Source2,Left hand shoulder blocked due to accident on I-80 Westbound at Exit 78 Chiles Rd.,0.0
A-996,993,860,Source2,#4 lane blocked due to accident on CA-4 Westbound before Exit 19 / San Marco Blvd.,0.0
A-997,994,831,Source2,Right hand shoulder blocked due to accident on I-680 Southbound before Bernal Ave.,0.0
A-998,995,861,Source2,Accident on County Hwy-E14 Elkhorn Blvd at 32nd St.,0.0
A-999,996,862,Source2,Accident on County Hwy-E14 Greenback Ln at Garfield Ave.,0.0
A-1000,997,863,Source2,Accident on US-50 Westbound near Exits 30 30A 30B Latrobe Rd.,0.0
